global_signal	global_signal_derivative1	global_signal_derivative1_power2	global_signal_power2	csf	csf_derivative1	csf_derivative1_power2	csf_power2	white_matter	white_matter_derivative1	white_matter_power2	white_matter_derivative1_power2	csf_wm	tcompcor	std_dvars	dvars	framewise_displacement	rmsd	t_comp_cor_00	t_comp_cor_01	t_comp_cor_02	a_comp_cor_00	a_comp_cor_01	a_comp_cor_02	a_comp_cor_03	a_comp_cor_04	a_comp_cor_05	a_comp_cor_06	a_comp_cor_07	a_comp_cor_08	a_comp_cor_09	a_comp_cor_10	a_comp_cor_11	a_comp_cor_12	a_comp_cor_13	a_comp_cor_14	a_comp_cor_15	a_comp_cor_16	a_comp_cor_17	a_comp_cor_18	a_comp_cor_19	a_comp_cor_20	a_comp_cor_21	a_comp_cor_22	a_comp_cor_23	a_comp_cor_24	a_comp_cor_25	a_comp_cor_26	a_comp_cor_27	a_comp_cor_28	a_comp_cor_29	a_comp_cor_30	a_comp_cor_31	a_comp_cor_32	a_comp_cor_33	a_comp_cor_34	a_comp_cor_35	a_comp_cor_36	a_comp_cor_37	a_comp_cor_38	a_comp_cor_39	a_comp_cor_40	a_comp_cor_41	a_comp_cor_42	a_comp_cor_43	a_comp_cor_44	a_comp_cor_45	a_comp_cor_46	a_comp_cor_47	a_comp_cor_48	a_comp_cor_49	a_comp_cor_50	a_comp_cor_51	a_comp_cor_52	a_comp_cor_53	a_comp_cor_54	a_comp_cor_55	trans_x	trans_x_derivative1	trans_x_derivative1_power2	trans_x_power2	trans_y	trans_y_derivative1	trans_y_power2	trans_y_derivative1_power2	trans_z	trans_z_derivative1	trans_z_power2	trans_z_derivative1_power2	rot_x	rot_x_derivative1	rot_x_derivative1_power2	rot_x_power2	rot_y	rot_y_derivative1	rot_y_power2	rot_y_derivative1_power2	rot_z	rot_z_derivative1	rot_z_power2	rot_z_derivative1_power2	motion_outlier00	motion_outlier01	motion_outlier02	motion_outlier03	motion_outlier04
9746.192153866174	n/a	n/a	94988261.50008257	10752.051361467413	n/a	n/a	115606608.47963324	7463.011684328111	n/a	55696543.40041791	n/a	7471.466964400934	12976.678598546721	n/a	n/a	n/a	n/a	-0.27127297100000003	-0.135992549	0.0422174429	-0.8033833257999999	-0.0047383956	0.1039102331	-0.1696399569	0.109871728	-0.0849872184	0.09631026849999999	-0.037528221699999996	0.035562798	-0.0191254265	0.0067409687	-0.024945585899999997	0.23433542699999999	-0.1067072651	0.1123075908	-0.1913737036	0.2977110502	0.0562373653	-0.07678692690000001	0.15466701060000002	-0.0336879843	0.1046337975	-0.0022163345	0.0274777973	-0.035623390899999996	0.010445811	0.0773995825	-0.0121769028	-0.07656288530000001	0.0747116303	0.007267489399999999	0.045224290800000004	-0.0969510907	-0.0821300177	0.2686654668	-0.09082253119999999	0.1085850504	-0.22943445710000002	0.31236213170000005	0.0645580025	-0.08451823	0.18987112920000002	-0.0468448086	0.0945878767	-0.0507024619	0.032191818399999995	-0.010396134	0.0077491093	0.08822009300000001	-0.0026011069	-0.0699882748	0.09016016880000001	0.0068481877	0.0260733215	0.13508517890000002	-0.0224114254	0.0237754	n/a	n/a	0.00056526964516	0.15743299999999996	n/a	0.02478514948899999	n/a	0.137527	n/a	0.018913675729000004	n/a	-0.00077813	n/a	n/a	6.054862969e-07	0.000941029	n/a	8.855355788409998e-07	n/a	-0.000571865	n/a	3.2702957822499994e-07	n/a	0.0	0.0	0.0	0.0	0.0
9666.429843500986	-79.76231036518766	6362.026154792523	93439865.9193265	10412.580231616475	-339.47112985093736	115240.64800227198	108421827.0798502	7457.35954858831	-5.6521357398014525	55612211.43692124	31.946638421140904	7462.1147303518555	12644.85383731759	0.785628	41.878174	0.06404075	0.0354825	-0.276982355	-0.15930994939999998	0.0411159655	-0.40706529119999996	0.0311183269	0.0655672799	-0.042439944699999996	0.0045553542	0.0202578281	0.0265343079	0.0944958607	-0.1471985533	0.035435905499999996	0.057154610099999996	-0.0946376109	0.22467334460000002	-0.13587552039999998	0.10396207119999999	-0.1737842281	0.3151660644	0.0543382499	-0.066067161	0.09307021089999999	-0.1936176996	0.06681306690000001	-0.015290948200000001	0.040932756800000004	0.0844196701	-0.0204200353	-0.0149954822	-0.0208153275	0.0147916107	0.042111508	0.0082959626	0.0318855974	-0.0584251487	0.046593480599999994	0.24893981	-0.1161045621	0.08717065800000001	-0.1976972674	0.3042657642	0.046763893499999994	-0.0584651633	0.1065428926	-0.1754112463	0.025975721	-0.051792005499999995	0.0418512816	0.08437776970000001	-0.015486956100000001	-0.056529678	-0.034705589	-0.0334898572	-0.0164744645	-0.023803504700000002	0.0209505037	0.09795232539999996	0.0608008314	0.0287714	0.004995999999999997	2.4960015999999968e-05	0.0008277934579600001	0.186918	0.02948500000000004	0.034938338724000005	0.0008693652250000022	0.15522	0.017692999999999987	0.0240932484	0.0003130422489999995	-0.0009595920000000002	-0.00018146200000000018	3.2928457444000065e-08	9.208168064640005e-07	0.000996902	5.587300000000012e-05	9.938135976040001e-07	3.121792129000013e-09	-0.000571865	0.0	3.2702957822499994e-07	0.0	0.0	0.0	0.0	0.0	0.0
9611.093421536263	-55.336421964722824	3062.1195958578587	92373116.75749764	10234.736906674569	-177.84332494190673	31628.248226392643	104749839.54884651	7451.336846086804	-6.022702501505592	55522420.79385084	36.272945421641715	7454.169899740944	12418.558820486864	0.866553	46.191936	0.283976515	0.178222	-0.27686104570000003	-0.16090188630000002	0.0751059186	-0.2028388998	0.0130411895	-0.0342953125	0.0426418284	-0.0093594176	-0.051824385	-0.056320929900000004	0.10581349220000001	-0.0529455289	0.0067988016	0.0053883129	0.1162355463	0.23122246440000002	-0.09492325869999996	0.2078760402	-0.10626836939999999	0.276159733	0.1114943774	-0.0336238211	0.1227973556	-0.0049232897	0.048255531799999994	0.0140740611	0.0416052445	0.1034139501	0.0392892125	0.0271651375	0.0707913583	-0.022109717799999998	-0.0038850026	0.0295909844	-0.0331576965	-0.0115332856	0.0014437638	0.2486615134	-0.0781015045	0.1849361662	-0.1204983683	0.263818299	0.09424060529999999	-0.0082439702	0.0938691627	0.011959658	0.036386901	-0.0150264263	0.0554121304	0.07818823679999999	-0.009017772700000001	-0.0062217213	0.08266956290000001	0.0088038736	0.0281110509	-0.019121567	-0.0214620458	-0.037223547200000005	-0.055330333200000005	0.0197378	-0.0090336	8.160592895999999e-05	0.00038958074883999993	0.0189668	-0.16795120000000002	0.00035973950223999995	0.02820760558144	0.198087	0.04286699999999999	0.039238459569	0.0018375796889999988	-3.24227e-05	0.0009271693000000004	8.596429108624905e-07	1.0512314752899998e-09	0.0008842339999999998	-0.00011266800000000012	7.818697667559999e-07	1.2694078224000028e-08	-0.00032920800000000005	0.0002426569999999999	1.0837790726400004e-07	5.888241964899997e-08	0.0	0.0	0.0	0.0	0.0
9613.298521336757	2.205099800494281	4.862465130139919	92415508.4603355	10154.847884428349	-79.88902224621961	6382.255875456972	103120935.55587892	7453.516840316771	2.179994229966724	55554913.288885705	4.752374842688209	7454.307488183629	12338.810245428776	0.8350659999999999	44.513493	0.175756365	0.121555	-0.2924982388	-0.17316958329999999	0.0525273617	-0.10111929929999999	0.0528925351	-0.0438783714	0.11222733119999999	-0.1267952156	0.022615246600000003	-0.061404607	0.0208510551	-0.099281965	0.0177568294	0.0585349729	0.2272315175	0.23967523370000002	-0.1160810116	0.154525704	-0.0832509109	0.2648422485	-0.011862853000000001	-0.0120690392	-0.015090559699999999	-0.0202484356	-0.005288021600000001	-0.0287850138	-0.0857797121	0.0005028663	0.04274392269999999	-0.0275068595	0.0585531885	0.041390394500000004	-0.08775434210000001	-0.14529151380000002	-0.1584808398	0.0132112177	-0.12473566039999999	0.2523241744	-0.09542341509999999	0.12537373359999998	-0.09119663859999999	0.2434255055	-0.0284285473	-0.0013256947000000001	-0.0544074267	-0.013294008999999999	-0.0029729133000000003	0.0079275402	-0.1305926848	0.020477303999999998	0.0391138145	-0.0255106891	0.06543773110000001	0.0906390256	-0.0633597119	0.056752322699999996	-0.2099087575	-0.029326438700000002	0.09820015230000001	0.0218988	0.002161	4.669920999999998e-06	0.00047955744144	0.136658	0.11769120000000001	0.018675408964	0.01385121855744	0.187165	-0.010921999999999987	0.035030737225000004	0.00011929008399999974	-0.000689409	-0.0006569863	4.3163099838768997e-07	4.7528476928100005e-07	0.0008842339999999998	0.0	7.818697667559999e-07	0.0	-0.000571865	-0.0002426569999999999	3.2702957822499994e-07	5.888241964899997e-08	0.0	0.0	0.0	0.0	0.0
9625.102127746066	11.803606409308484	139.32512426586837	92642590.96954183	10136.039829171215	-18.808055257133674	353.7429425553936	102739303.41854525	7464.076858033357	10.560017716586117	55712443.34262911	111.5139741746127	7466.564821730683	12562.739822243879	1.326797	70.72541	0.28586721000000004	0.148207	-0.2147467005	-0.0451533943	0.1389527389	-0.0858466868	-0.059746500999999994	-0.09635504980000001	0.10148945960000001	-0.1161880782	-0.0077682064	-0.19954933579999998	0.21367724359999998	0.0031782603	-0.0594199571	0.042384972300000004	0.1313168625	0.1868184583	-0.0365792666	0.1852736145	-0.0076122646	-0.0158054622	0.20629908989999998	0.1973205763	-0.1458416596	0.0214892967	-0.2504794577	-0.004927807199999999	-0.0530556197	-0.1866925725	0.020986702200000002	0.1441161558	-0.027346988500000002	-0.09087333539999999	-0.2711912493	0.14748784339999998	0.081053065	0.0658470434	-0.087999841	0.1975151459	-0.025133031299999997	0.1720019918	-0.0007839380000000001	-0.025065419	0.191240197	0.20403204530000002	-0.1577274922	0.0325165667	-0.2371440349	0.0725797895	-0.0702176741	-0.1167722699	-0.015776557	0.18253557280000002	0.026555530499999997	0.2625136579	0.08877364689999999	-0.0788968632	0.1749122605	-0.047818117599999994	0.0939224924	0.00656838	-0.01533042	0.0002350217773764	4.31436158244e-05	0.0240023	-0.1126557	0.00057611040529	0.01269130674249	0.101113	-0.086052	0.010223838768999998	0.0074049467040000014	-0.00110579	-0.000416381	1.7337313716099994e-07	1.2227715241e-06	0.000365305	-0.0005189289999999999	1.33447743025e-07	2.692873070409999e-07	-7.05932e-05	0.0005012718	4.9833998862399985e-09	2.5127341747524e-07	0.0	0.0	0.0	0.0	0.0
9679.449302155816	54.34717440974964	2953.6153663237465	93691738.7930047	10092.906581512068	-43.13324765914696	1860.4770536253052	101866763.26312962	7454.014039738114	-10.062818295243233	55562325.30461291	101.26031204308191	7454.849916333386	13567.690161851488	1.51889	80.964996	0.398071502	0.217538	-0.0877324331	0.14016012490000002	-0.0844743124	-0.0202518372	-0.0408451883	0.1514572129	0.028796227	-0.126758289	-0.1139786698	-0.0567649268	0.1247889	-0.1427897637	0.2694181874	-0.1944636943	0.0011188489	0.1355423372	-0.0063120536999999996	-0.0835125198	-0.0074699469	0.0298155676	0.0337966663	0.0813798533	-0.4376944842	0.034880598	-0.1253302174	0.22005632460000002	-0.21948202460000002	0.24249676010000001	0.145798236	-0.1802668093	0.0989521607	0.0935373808	0.3017461537	0.23251194149999999	-0.0007239078	0.0349748272	0.2646757704	0.12915123679999999	0.0127705253	-0.0944057814	-0.0091928591	0.0273340963	0.0285209258	0.09025690289999999	-0.3924140307	-0.0068866016	-0.030689284100000002	0.33778027590000004	-0.1074598226	0.1973987989	0.1015068513	-0.1941851092	0.0767874222	-0.3231825358	-0.019842431	-0.23318984129999998	0.0706441553	-0.089224934	-0.28038173629999996	0.000112413	-0.006455967000000001	4.167950990508901e-05	1.2636682569e-08	0.13631600000000002	0.11231370000000003	0.01858205185600001	0.012614367207690005	-0.0542885	-0.1554015	0.00294724123225	0.024149626202250002	-0.00312658	-0.00202079	4.083592224099998e-06	9.7755024964e-06	-9.19117e-05	-0.0004572167	8.44776059689e-09	2.0904711075889002e-07	-7.05932e-05	0.0	4.9833998862399985e-09	0.0	1.0	0.0	0.0	0.0	0.0
9671.600063571093	-7.849238584722116	61.61054635989044	93539847.78966838	10041.589071806851	-51.317509705217155	2633.486802345057	100833511.08703078	7451.50292991337	-2.5111098247434707	55524895.91450754	6.305672551923187	7451.520006222476	13978.607445775744	1.24767	66.507515	0.102072062	0.06013060000000001	-0.053964142300000004	0.18403709059999998	-0.06233496650000001	0.0360486452	-0.0566932241	0.2261919718	0.0169661823	0.0640690271	0.1244317001	0.0844758816	0.0450191038	0.0862491948	0.17309107350000005	0.0707596882	0.22865643239999997	0.14260363410000002	0.0732618404	-0.1710224456	-0.0206104272	0.1049870056	-0.1072078597	0.0321846982	-0.0022230157	0.5106007632999999	0.1084237295	0.0385268301	0.0550425344	-0.1491652176	0.0434794425	0.1908519947	0.21647794	-0.021777310499999997	0.1841827697	0.0983017988	0.2081781736	0.1212380948	-0.0612738678	0.1226358641	0.0982736469	-0.17835857870000002	-0.027661582	0.09417939689999999	-0.1091448223	0.0379062671	-0.022377005499999998	0.491731377	0.14562219099999998	0.0315282241	0.0748575002	-0.1080622846	0.067367488	0.21872642920000002	0.1505562873	-0.2489120738	0.09336085039999999	-0.0458455391	0.179815408	0.0296099187	0.283426295	0.0099086	0.009796187	9.596527973896899e-05	9.818035396e-05	0.136376	5.9999999999976745e-05	0.018598413376	3.599999999997209e-09	-0.108049	-0.05376050000000001	0.011674586401	0.002890191360250001	-0.00287663	0.0002499500000000001	6.247500250000003e-08	8.275000156899997e-06	0.00029786	0.0003897717	8.87205796e-08	1.5192197812089e-07	-0.000199979	-0.0001293858	3.999160044100001e-08	1.6740685241640004e-08	0.0	0.0	0.0	0.0	0.0
9633.881523749871	-37.71853982122229	1422.6882462451322	92811673.21364914	10003.120266328704	-38.46880547814726	1479.8489949155326	100062415.06263603	7436.164744064501	-15.338185848869214	55296546.10086787	235.25994513445187	7435.745573917506	13954.115818311446	0.972435	51.836025	0.09241660099999996	0.0518456	-0.0046616748	0.1782916922	-0.07702952240000001	0.07692797059999999	-0.0755720333	0.24386124760000005	-0.037960193999999996	0.1507579984	0.1672991976	-0.13138211130000002	-0.057224110700000004	-0.020186854	0.0994575261	0.23547921859999998	0.2433424932	0.0945378208	0.061988387199999995	-0.2186085381	0.0482115716	0.1308401818	-0.0543007505	-0.0395344914	0.0355212389	0.3908248181	0.1057834193	0.1559209125	-0.1755509984	-0.0459541983	-0.07373554759999999	-0.1432879306	0.0526615386	0.0344603276	-0.0037043062	-0.026549029100000003	-0.28096233870000004	0.12569156550000002	-0.1443522432	0.07411565889999999	0.0839303589	-0.2211824561	0.0398748993	0.1207314225	-0.0523189014	-0.0318551709	0.0168141424	0.36896319439999997	0.1883762646	0.18054978260000001	-0.11999119050000001	-0.0848246663	-0.0446374384	-0.1233258896	0.0078697656	0.0249172062	-0.045012463499999995	-0.11592387900000001	-0.2394700901	-0.164253196	0.0937418402	0.0008631489999999999	-0.009045451	8.182018379340099e-05	7.450261962009999e-07	0.135114	-0.0012619999999999856	0.018255792996000005	1.592643999999963e-06	-0.121761	-0.013711999999999988	0.014825741120999996	0.00018801894399999967	-0.00377364	-0.0008970100000000002	8.046269401000003e-07	1.42403588496e-05	-4.36872e-05	-0.0003415472	1.9085714438400003e-09	1.1665448982784e-07	-7.05932e-05	0.0001293858	4.9833998862399985e-09	1.6740685241640004e-08	0.0	0.0	0.0	0.0	0.0
9634.890097877762	1.0085741278908245	1.0172217714507372	92831107.19818296	10094.13888852776	91.01862219905523	8284.389587014351	101891639.90088844	7440.021602717534	3.8568586530327593	55353921.44890358	14.87535866947367	7441.680253178454	13085.01986689365	1.492073	79.5355	0.396134751	0.220098	-0.0939089592	0.0323457438	0.1959577559	-0.049205534599999996	-0.0729215256	-0.0719395538	-0.2123692106	-0.1303003428	0.3123941925	-0.0010623669	-0.0435347818	-0.11485205009999999	0.015680279199999998	-0.3204933017	0.032106121800000005	0.11517873880000001	0.0454407242	0.0971771576	0.2246735109	0.0716452483	0.053434423700000004	-0.16938722879999998	-0.2678739421	-0.0180582983	0.0625704758	-0.13642206140000002	0.180486715	-0.0054686844999999994	-0.0822911311	-0.3123778372	0.0120885811	0.286525327	-0.010537735500000001	-0.123158155	0.1292182093	-0.0456511222	0.1068620515	0.11094257240000001	0.0549931628	0.0889097594	0.2228784218	0.096460003	0.049723017599999995	-0.1761493488	-0.2933894268	-0.021406434199999998	0.006107829	-0.17394023260000002	0.1357974978	-0.0935904121	0.0087539147	-0.3055606171	-0.0100323036	-0.0617920795	-0.3038710996	0.1129310211	0.0507498931	-0.0318493637	-0.11836604939999999	0.015405	0.014541851000000001	0.00021146543050620096	0.000237314025	0.0347735	-0.1003405	0.0012091963022499998	0.010068215940250005	0.0582435	0.18000449999999998	0.00339230529225	0.032401620020249995	-0.00231538	0.00145826	2.1265222276e-06	5.360984544400002e-06	0.000458644	0.0005023312	2.10354318736e-07	2.5233663449344e-07	-0.00013496	-6.43668e-05	1.82142016e-08	4.1430849422399995e-09	0.0	0.0	0.0	0.0	0.0
9686.85632137208	51.9662234943189	2700.488384261503	93835185.39090624	10012.383845586783	-81.75504294097664	6683.887046280934	100247830.27136716	7445.752814739293	5.731212021759348	55439234.978198096	32.84679123835887	7444.469647774323	13419.544896550076	1.437036	76.601753	0.17868209999999998	0.101347	-0.0226955218	0.0633216411	0.1123426289	0.0331036061	-0.0709848991	-0.10699999939999999	-0.23898489480000001	-0.09444515839999999	0.2608529701	0.1719872974	0.2456381888	-0.0161218529	-0.0104313572	-0.1371198532	-0.1763558107	0.0697225997	0.0448356725	0.0492462026	0.160267921	0.06235155940000001	0.1988402139	0.33059519	-0.08759553980000001	-0.0632573991	-0.08797712630000001	0.09485128429999999	-0.0932510373	-0.3104987812	-0.1211609818	0.0407510629	-0.1516407544	-0.0250616087	0.1265751198	-0.2321538182	0.2052259691	-0.10044269439999999	0.1518463572	0.0632349159	0.0509811573	0.042759624100000004	0.16058070259999999	0.0842572167	0.18619038100000002	0.34277623700000004	-0.1019566527	-0.05807669450000001	-0.0469511905	0.09077908	-0.0899321315	-0.33670953859999997	-0.032601424500000004	0.07793877910000001	-0.1698729708	-0.0667897003	-0.0178175541	0.3297268013	0.0707465743	0.0894911311	-0.142744035	0.005543	-0.009862000000000001	9.7259044e-05	3.0724849e-05	-0.0163857	-0.0511592	0.00026849116449	0.0026172637446399997	0.03142	-0.0268235	0.0009872164	0.0007195001522499999	-0.00387385	-0.0015584699999999995	2.428828740899999e-06	1.50067138225e-05	0.000251293	-0.00020735100000000004	6.314817184899999e-08	4.2994437201000016e-08	-0.000185887	-5.092700000000001e-05	3.4553976769e-08	2.593559329000001e-09	0.0	0.0	0.0	0.0	0.0
9811.940795142023	125.08447376994265	15646.125578303467	96274182.16737229	10009.012298001473	-3.3715475853095995	11.367333120006993	100180327.18154472	7485.059905074584	39.30709033529092	56026121.78255514	1545.0473506267208	7483.584644947055	14339.003483217093	1.404739	74.880165	0.14673569000000006	0.0929565	0.0874245681	0.1400613075	0.0819274429	0.0718276183	-0.074391612	-0.0325585202	-0.037482841600000004	-0.0253653265	-0.0243937121	0.1479274	0.1971481344	-0.0539123244	-0.0072096431	-0.19214027449999999	0.23653958960000002	0.011897435	0.1285330133	-0.011539180800000002	0.0021233434	-0.050709921100000006	-0.013092143600000002	-0.0050044257	0.0573180018	-0.08697753230000001	0.22015311469999999	-0.0117687288	0.0835754828	0.050130042699999995	0.0177443127	0.0874471845	-0.2202560972	0.1314639228	0.47009352409999994	-0.1770273561	0.1161405964	-0.0702908166	-0.1458941909	-0.0037749134	0.1286265507	0.00044439589999999997	0.008483879599999999	-0.0486181429	-0.0032561813	0.0223834979	0.0636565289	-0.1058881203	0.2296123947	-0.0725870739	0.09086171800000001	0.040433027	0.0546975304	0.061504375199999996	-0.3111863384	-0.4171674908	-0.1094507323	0.1105942431	0.0001650377	0.1667630213	0.1116514348	0.00496451	-0.0005784900000000001	3.346506801000001e-07	2.46463595401e-05	0.021244	0.037629699999999995	0.000451307536	0.00141599432209	-0.0501358	-0.0815558	0.0025135984416400003	0.00665134851364	-0.00434302	-0.00046917000000000047	2.2012048890000052e-07	1.8861822720400007e-05	0.000209832	-4.1460999999999954e-05	4.402946822400001e-08	1.7190145209999968e-09	-0.00021469	-2.880299999999999e-05	4.60917961e-08	8.296128089999992e-10	0.0	0.0	0.0	0.0	0.0
9798.399292993128	-13.541502148895233	183.3722804485342	96008628.70492823	10023.842409810666	14.830111809193113	219.93221627316902	100477416.65671892	7508.744634425775	23.68472935119098	56381245.98501786	560.9664044391676	7506.9829387440295	14656.217544051373	0.98541	52.527672	0.13204030000000005	0.08126019999999999	0.0833947096	0.1926348554	0.0757661988	0.0553420536	-0.11474136789999999	0.055837742	-0.0084583928	0.071131812	-0.112028789	0.1277375407	0.0638265724	0.0833698132	0.0377056126	0.0340933883	0.1986918343	0.0123367778	0.1678139112	-0.0297456615	-0.17447346019999999	-0.0967678091	-0.0072738384	-0.0045078835	0.0236056173	-0.0797313076	0.0478586226	0.0986693481	0.06996627230000001	-0.367194305	0.14804282900000001	0.0301493763	-0.17317099579999998	0.2492535557	0.0625905856	0.1553766942	0.0473523009	0.0255999147	-0.0762756473	-0.0068975505	0.1672086787	-0.0192435379	-0.1650208886	-0.10181791220000001	-0.0024256786	0.009868235999999999	0.023713943900000003	-0.0959500159	0.0852670067	0.033346384300000004	0.0779024192	-0.3135063406	0.2152449624	0.15227761210000001	-0.1777622493	-0.0105634002	-0.22448362940000002	-0.16050878699999999	0.1540859102	-0.0273369069	0.0326624733	0.00341271	-0.0015518000000000005	2.408083240000001e-06	1.16465895441e-05	0.0338884	0.0126444	0.00114842365456	0.00015988085136000002	-0.113972	-0.06383620000000001	0.012989616784	0.0040750604304400015	-0.00335853	0.0009844900000000002	9.692205601000003e-07	1.12797237609e-05	0.000117226	-9.2606e-05	1.3741935076000002e-08	8.575871236000003e-09	-0.000211628	3.061999999999992e-06	4.4786410384e-08	9.375843999999949e-12	0.0	0.0	0.0	0.0	0.0
9750.836005836309	-47.56328715681957	2262.2662851620776	95078802.81271376	10037.507209252197	13.664799441530704	186.72674377725784	100751550.97578984	7504.517063118628	-4.227571307146719	56317776.35063864	17.872359157010212	7504.19549542951	14482.538601622437	1.235442	65.855698	0.08944958999999998	0.06827000000000001	0.0988535358	0.1431736911	0.2385491022	0.0482713259	-0.17965525629999998	0.0404374696	0.0154389185	0.0369789899	-0.0519843792	0.1284173925	-0.0007410296	0.0160201733	0.4220552151	-0.1459322303	-0.0182179685	0.0130766552	0.2393385068	0.024411130099999998	-0.122183494	-0.0706145475	-0.127380626	-0.2772997724	-0.2171480484	-0.0487715562	0.2734377207	0.1665531573	-0.12622776130000002	0.004508687	0.0993937955	0.0649008546	-0.2430017531	-0.08440364880000001	-0.20514046390000001	-0.17817358460000002	0.1624877433	0.1075142541	-0.1434738531	-0.0130144823	0.23842254370000002	0.0348718054	-0.1190733083	-0.07424587440000001	-0.1160456708	-0.2717631382	-0.2041407354	-0.1089154185	0.3287852849	0.1526649926	-0.0465544955	0.10417685289999999	0.0729979119	0.0818837961	-0.1515268589	0.24424968449999998	0.0013929922	0.23405993530000002	0.10413020460000001	-0.0033090832	0.13612742630000002	0.0129773	0.00956459	9.14813818681e-05	0.00016841031528999994	-0.0329752	-0.06686360000000001	0.0010873638150399995	0.004470741004960001	-0.115128	-0.0011559999999999904	0.013254456383999998	1.3363359999999777e-06	-0.00336695	-8.419999999999869e-06	7.08963999999978e-11	1.13363523025e-05	0.000283539	0.00016631300000000002	8.039436452100001e-08	2.7660013969000006e-08	-0.000274203	-6.257499999999999e-05	7.518728520899999e-08	3.9156306249999994e-09	0.0	0.0	0.0	0.0	0.0
9730.90481648741	-19.931189348899352	397.2523088616789	94690508.54753786	10123.335946858002	85.82873760580514	7366.57219900615	102481930.69294742	7518.73807487554	14.221011756912048	56531422.23858315	202.23717539023068	7520.225108371339	13851.278675297468	1.396368	74.43389899999998	0.26727905	0.151543	0.015069188300000001	0.0997071502	0.2604200393	-0.0158930193	-0.24031381579999997	-0.082068591	0.3964832423	0.2456839438	-0.0507084904	-0.0990982902	-0.0326477459	-0.18230179789999998	0.0334495476	-0.21816680100000002	-0.32707810190000003	0.028587542799999997	0.1862360622	0.23132079030000002	-0.12617304810000002	-0.3046159566	0.0152404173	-0.055164799199999996	0.1353827325	0.0267878925	-0.0135891926	0.2083056297	-0.1667150342	-0.08503496070000001	-0.0681934296	0.11205544460000001	-0.118347884	-0.0669914421	0.2098681733	-0.041696881400000003	-0.2224202435	-0.0870989256	-0.0696942396	0.022564115099999997	0.17390750289999998	0.24693470210000001	-0.1076658279	-0.3097113432	0.0196064695	-0.053395885700000006	0.1532590962	0.0044385058	0.0678269053	0.240898488	-0.11599790550000001	-0.10634941029999999	-0.07627079190000001	0.0991296777	-0.1609486187	-0.11580781300000001	0.10337069789999999	-0.0630366374	-0.2584411539	0.1055049257	0.017165012900000002	0.0158909	0.002913600000000001	8.489064960000003e-06	0.00025252070281	-0.110441	-0.07746580000000003	0.012197214481000005	0.006000950169640002	0.005876	0.121004	3.4527376e-05	0.014641968015999998	-0.00242842	0.00093853	8.808385608999998e-07	5.897223696400002e-06	0.000518292	0.00023475299999999995	2.6862659726399993e-07	5.5108971008999965e-08	-0.000418833	-0.00014463000000000006	1.75421081889e-07	2.0917836900000008e-08	0.0	0.0	0.0	0.0	0.0
9729.119364244336	-1.7854522430734503	3.1878397122960163	94655763.60371412	10069.200968168552	-54.13497868944978	2930.595917707182	101388808.1373665	7510.423194334525	-8.314880541015555	56406456.55799801	69.13723841135912	7510.284881307124	13904.238441054642	1.3101969999999998	69.84056899999999	0.38791317	0.230133	-0.023253233999999998	0.1749137784	-0.0237711793	0.03040311	-0.07183488519999999	0.1358435226	0.1555966177	0.29260612989999996	0.0936188043	0.0160320377	0.0135662026	-0.0100714598	-0.06341960049999999	0.0357761527	-0.035469761600000003	0.0785800771	0.0799705942	-0.048920970099999996	-0.2457930167	-0.1324503556	-0.0014890815	0.0385649628	-0.0344619877	-0.0113591855	-0.0177854873	-0.0167912574	0.0633237755	-0.2687680177	-0.1263515936	-0.2057834048	0.13403852130000002	0.0301566425	-0.1576299618	0.1709929093	-0.000522199	0.2129419982	0.1636909103	0.0658200071	0.0893508056	-0.0465789118	-0.23207278969999998	-0.1512335783	-0.0017683425	0.027640823300000002	-0.0543727667	0.0179496884	-0.0555604396	-0.0646109077	0.0320352705	-0.3180185887	-0.0389405533	-0.15889166119999998	0.11841497470000001	0.1533745574	-0.020929568	-0.151977895	0.0939821419	-0.1898213472	0.0727658441	-0.00495323	-0.02084413	0.0004344777554569	2.4534487432900008e-05	0.102224	0.21266500000000002	0.010449746176	0.045226402225000004	-0.06728720000000002	-0.07316320000000003	0.004527567283840002	0.005352853834240004	-0.0030327	-0.0006042799999999996	3.651543183999995e-07	9.197269289999998e-06	-0.00016041799999999998	-0.0006787099999999999	2.5733934723999995e-08	4.6064726409999993e-07	-7.70062e-05	0.0003418268	5.92995483844e-09	1.1684556119824e-07	0.0	0.0	0.0	0.0	0.0
9717.52912436102	-11.590239883315007	134.33366055278591	94430372.28280468	10050.764299523293	-18.436668645259488	339.9107507350943	101017863.00457194	7493.650934093736	-16.772260240788455	56154804.32204393	281.3087135847332	7492.786284780634	14066.1600350592	0.975964	52.02412800000001	0.189058992	0.117649	0.0507860387	0.1478977236	-0.0408108104	0.0324146196	-0.0822653585	0.19917794239999997	0.0306013484	0.1702352046	0.1255804221	0.0837565704	0.0704903906	-0.041801510699999996	-0.036771967200000005	-0.0271921362	0.0081310246	0.0166071531	0.0597867538	-0.1464057787	-0.18212420420000008	-0.0862732907	-0.0238716005	-0.0985937622	0.07130535639999999	-0.13522750279999998	-0.152748034	-0.1612136438	-0.1635634038	-0.20288179850000002	0.127999809	-0.2358067218	0.2176471284	0.18484283329999998	0.0360080517	-0.1569528169	-0.00834783	0.1183543025	-0.071078407	0.0030916514	0.0672636064	-0.1447932131	-0.1755553002	-0.0959833042	-0.023059316099999998	-0.1061084618	0.0532272223	-0.10639353650000001	-0.1644259153	-0.08768035019999999	-0.2605876519	-0.20488679420000008	0.20127532399999998	-0.1643877292	0.1466735376	-0.0970202046	-0.1649572274	0.0989619034	-0.0366929577	-0.17676248690000002	0.0210381023	-0.000461728	0.0044915020000000005	2.0173590216004005e-05	2.13192745984e-07	0.152353	0.050128999999999986	0.023211436608999998	0.0025129166409999988	-0.08599859999999998	-0.018711399999999958	0.0073957592019599965	0.00035011648995999855	-0.00513348	-0.0021007800000000004	4.413276608400002e-06	2.6352616910400007e-05	-0.000291522	-0.00013110400000000002	8.4985076484e-08	1.718825881600001e-08	-0.000159664	-8.26578e-05	2.5492592896000002e-08	6.832311900840001e-09	0.0	0.0	0.0	0.0	0.0
9668.550961529838	-48.978162831183006	2398.860434317876	93480877.69569956	10034.394589582469	-16.369709940823668	267.96740354670123	100689074.77944192	7467.388127866992	-26.262806226744036	55761885.45220891	689.7349909035051	7467.284674924093	14099.12694817934	0.945792	50.415791	0.08591878799999997	0.0602562	0.0997751649	0.1144750928	0.0111419677	0.050240995700000006	-0.0596161157	0.1172863612	0.0341141744	0.17194143690000002	-0.0342134871	0.1079452724	0.0449823137	-0.058025995199999986	-0.0614478234	-0.064596412	-0.0388320279	-0.027676622999999997	0.073628275	-0.1191700416	-0.0852925849	0.0326689759	0.022091625400000002	-0.1350060382	-0.0918395266	-0.272071655	-0.1390802051	-0.17051364010000006	-0.0617053854	0.0036784228999999996	-0.1275808654	0.1580294006	0.1596974139	-0.111763236	0.13409062689999998	-0.0144690756	0.0383339029	0.32863838030000003	-0.19586613530000002	-0.0391958508	0.0754385404	-0.1101346344	-0.0898324657	0.029881536400000002	0.0205662552	-0.13052112130000001	-0.0845606606	-0.2554278226	-0.1649809728	-0.11855419029999999	-0.1062455834	-0.008355937800000001	-0.1446609697	0.12475987320000001	0.0537098244	-0.21104247829999997	0.1654992545	0.0507460618	0.0545923713	-0.3110727781	0.2156495535	0.00491271	0.0053744380000000005	2.8884583815844e-05	2.41347195441e-05	0.0967978	-0.05555519999999999	0.00936981408484	0.0030863802470399984	-0.08579780000000001	0.0002007999999999732	0.007361262484840002	4.0320639999989245e-08	-0.00551273	-0.00037925000000000025	1.438305625000002e-07	3.0390192052900007e-05	-0.000408039	-0.000116517	1.6649582552100002e-07	1.3576211288999998e-08	-0.000159664	0.0	2.5492592896000002e-08	0.0	0.0	0.0	0.0	0.0	0.0
9671.545495104223	2.9945335743850587	8.96723132811936	93538792.2638708	9991.630779751626	-42.763809830843456	1828.7434312485434	99832685.63888007	7462.0435423540075	-5.344585512985759	55682093.82798714	28.564594305617252	7460.259412617735	14075.914389490204	0.992127	52.885719	0.15692675999999994	0.0835222	0.1256357691	0.0872138443	-0.022536334100000003	0.0824567028	-0.083382981	0.0518313021	-0.12253811390000001	-0.025909894	0.073619343	-0.1860933227	-0.0084656627	-0.08724800640000001	0.0347452533	0.0958610699	-0.0160352015	-0.0316099744	0.1006433242	-0.13077380759999999	-0.0148666572	0.063821422	0.0406872796	-0.0524507326	0.0128574832	-0.12598334	-0.018748286200000002	0.0122610423	-0.0804812213	-0.0389074998	-0.22700713379999998	0.0451298242	0.0466670994	-0.1029533803	0.1688295505	0.125808274	-0.0586645157	0.0518069039	0.0363478848	-0.0480857891	0.1027738201	-0.1241496993	-0.017609383	0.06406775049999999	0.0400690017	-0.0415775061	0.013054999099999999	-0.11459402939999999	-0.0024774742	0.033925666	-0.0933758397	-0.0956261366	-0.2230767992	0.0233830059	-0.0231127448	-0.1502401941	0.13459336460000002	-0.10369904880000001	-0.0139583647	-0.051828002000000005	-0.0874753441	0.008122169999999998	0.003209459999999998	1.0300633491599987e-05	6.596964550889997e-05	0.0509157	-0.045882099999999995	0.0025924085064899997	0.00210516710041	-0.135227	-0.04942919999999998	0.018286341529	0.002443245812639998	-0.00638944	-0.0008767099999999992	7.686204240999987e-07	4.0824943513599986e-05	-0.0006127530000000001	-0.00020471400000000005	3.7546623900900007e-07	4.190782179600002e-08	-0.00024636	-8.669599999999997e-05	6.06932496e-08	7.516196415999998e-09	0.0	0.0	0.0	0.0	0.0
9655.824557539825	-15.7209375643979	247.14787790369698	93234947.88598916	10053.09249448297	61.461714731343825	3777.5423777170863	101064668.70262982	7452.542993576355	-9.500548777651602	55540397.07110402	90.26042707653735	7453.5453856261975	13601.56975545431	1.400848	74.672729	0.34459605000000004	0.189422	0.033790896	0.0448358936	0.22064011109999998	0.009106888399999999	-0.11822868240000001	-0.061598920099999996	-0.046885632000000003	-0.0998569749	0.1251729479	-0.1688067691	-0.017335686200000002	0.012550106699999999	0.2538914214	0.0009972744	0.0461233621	0.0359349765	0.1207044963	0.0354123654	0.1507288866	0.0081671963	0.07230561769999999	-0.275238991	-0.4471530708	-0.0038655928999999996	-0.1214576197	-0.1762632324	0.095790754	-0.025514197000000002	0.19411666670000002	0.0602141574	-0.168420629	-0.08352907650000001	-0.021447013900000002	0.0967448254	-0.1803219705	-0.2089696869	-0.1696724354	0.0249795914	0.12149321789999999	0.043428573899999996	0.1532814176	0.0185323843	0.07397734360000001	-0.29468836519999997	-0.44716331950000004	-0.035848498799999996	-0.1620578614	-0.0781549807	0.030942799500000007	0.0825677346	0.1720503991	0.1168070292	-0.1352729328	0.0949477569	0.1034908195	-0.1586350839	-0.1083342196	0.19622080170000009	-0.022171338199999998	0.00667337	-0.0014487999999999984	2.0990214399999958e-06	4.4533867156899986e-05	0.00296635	-0.04794935	8.7992323225e-06	0.0022991401654225	-0.0234176	0.1118094	0.0005483839897599999	0.012501341928359996	-0.00360411	0.0027853299999999995	7.758063208899997e-06	1.29896088921e-05	7.540999999999997e-05	0.000688163	5.686668099999997e-09	4.7356831456899994e-07	-5.2083e-05	0.000194277	2.7126388890000003e-09	3.7743552729000004e-08	0.0	0.0	0.0	0.0	0.0
9689.439288653935	33.61473111411033	1129.9501478739367	93885233.72851048	10098.363126325148	45.27063184217877	2049.4301073900906	101976937.83112344	7473.282278471179	20.739284894823868	55849948.01371138	430.1179379486695	7475.827909055451	13566.377869628715	1.37087	73.074722	0.108390495	0.0575541	-0.0012834745	0.09819683929999999	0.15027963130000002	-0.0120516229	-0.18653609570000002	-0.1070480804	0.22503628809999998	0.0736494423	0.024146580499999997	-0.0064327783	-0.020143648400000002	0.0094497149	0.09982175199999999	0.0059561065	0.031257042	0.050430511	0.1175483472	0.10192278880000001	0.0797385256	-0.1602809575	0.143029013	-0.011994273500000001	0.1626190172	0.1110212859	-0.0438701642	0.0994888488	-0.10896306189999999	0.193432663	0.0745395442	-0.3319390223	-0.0056097162	-0.1283392884	-0.0106457276	0.1479863877	-0.0741383268	-0.0768816278	-0.1483856723	0.0418646809	0.1164171787	0.10709372199999999	0.0836015872	-0.1566106185	0.1462653224	-0.0138200253	0.1571039927	0.1221731771	-0.0062315863	0.1471991248	-0.078224924	0.1531870766	0.08640394369999999	-0.3493228875	-0.005870396999999999	0.0448701232	0.1267307317	-0.1423603246	0.0080924697	0.058531729299999995	0.09791791109999999	-0.00527564	-0.01194901	0.0001427788399801	2.78323774096e-05	-0.0273611	-0.03032745	0.0007486297932100001	0.0009197542235025	-0.0246132	-0.0011956000000000015	0.0006058096142400001	1.4294593600000038e-06	-0.00269226	0.00091185	8.314704225000002e-07	7.248263907600002e-06	-0.0002484	-0.00032381	6.170256000000001e-08	1.048529161e-07	1.06257e-05	6.27087e-05	1.1290550048999998e-10	3.932381055690001e-09	0.0	0.0	0.0	0.0	0.0
9701.616600241325	12.17731158738934	148.2869174963667	94121364.65807804	10064.711729072447	-33.65139725270092	1132.4165370590867	101298422.18932848	7479.397027163407	6.114748692228204	55941379.88994081	37.39015156910653	7480.528587875904	13643.824173163752	1.2303309999999998	65.583282	0.189930055	0.113889	-0.0830205185	0.1376443711	-0.001541204	0.0131332864	-0.0710382197	0.0418713939	0.1470599118	0.14147753130000001	0.24807985170000002	-0.1051808749	0.0499459832	0.17278172600000002	-0.1345236055	0.0418080212	0.1088337657	0.1305941217	0.0532134384	-0.026225046800000002	-0.06927096740000001	-0.07501355009999999	0.060331060599999986	-0.0455920899	0.094995803	0.1594730547	0.11393955539999999	-0.0394739286	0.2406535746	0.0091090848	-0.1115380157	-0.1534452681	-0.05899334360000001	-0.1678671677	-0.07847117969999999	0.0668664365	-0.0488252929	-0.2622244212	0.0583768021	0.121955478	0.0703403965	-0.029912441499999998	-0.060775805599999996	-0.08601060949999999	0.0643741365	-0.049458007400000004	0.0770979647	0.1722074973	0.086205979	-0.14605624150000002	0.2176182889	-0.0473737683	-0.08861460060000001	-0.1621153139	-0.0285224341	0.1422286706	0.1417268393	-0.0287350015	-0.0197585485	0.111470559	-0.2977281652	0.00906078	0.01433642	0.0002055329384164	8.209773420839998e-05	0.0765821	0.1039432	0.00586481804041	0.010804188826240001	-0.0348037	-0.010190499999999998	0.00121129753369	0.00010384629024999996	-0.00204469	0.0006475700000000001	4.1934690490000014e-07	4.1807571961e-06	0.000184692	0.0004330920000000001	3.4111134864e-08	1.8756868046400002e-07	-0.000137911	-0.0001485367	1.9019443921000002e-08	2.206315124689e-08	0.0	0.0	0.0	0.0	0.0
9697.171524180705	-4.445076060619614	19.758701184693575	94035135.56938112	10091.2694734537	26.557744381252636	705.3137866199557	101833719.58585852	7492.89954983104	13.502522667632546	56143543.663858205	182.3181183899308	7493.948329067327	13673.04990680577	0.872607	46.514645	0.159871265	0.0883091	-0.047623849100000004	0.1605560457	-0.0431376066	-0.011600895200000001	-0.0204422805	0.0617338853	0.1008206535	-0.022916718500000002	0.0560016955	-0.09418201529999999	0.0742405334	0.1620587964	-0.2014850407	0.0025907647	-0.006560189100000001	0.11015019470000001	0.0276572119	-0.0545971225	-0.1352397165	-0.1647217915	0.056553223	-0.0026183097	-0.053866055	-0.0759643653	-0.0785153895	-0.0115057415	0.1127292681	0.1283167661	-0.1294214369	-0.0243265117	-0.0815780696	-0.1344000679	0.0149805819	-0.0793270809	-0.0352882304	-0.0998257593	0.077743323	0.1039443004	0.0409471916	-0.0533111462	-0.11952802400000001	-0.1776852638	0.0552859838	0.0027686527	-0.04641110440000002	-0.072579671	-0.10175993960000004	-0.018701996000000002	0.1078625849	0.0808147151	-0.11737276220000001	-0.07375328860000001	-0.0930435694	-0.0173431695	0.1105417714	0.1112450774	-0.08508355349999999	0.1486894205	-0.025587862700000002	0.00574033	-0.0033204499999999987	1.1025388202499994e-05	3.29513885089e-05	0.117754	0.0411719	0.013866004516000001	0.0016951253496099998	-0.0658171	-0.031013400000000007	0.004331890652410001	0.0009618309795600002	-0.00346602	-0.0014213300000000002	2.0201789689000006e-06	1.20132946404e-05	-3.79268e-05	-0.0002226188	1.43844215824e-09	4.955913011344e-08	-9.454950000000004e-05	4.3361499999999954e-05	8.939607950250008e-09	1.8802196822499968e-09	0.0	0.0	0.0	0.0	0.0
9654.150605570649	-43.02091861005647	1850.7994380531034	93202623.91504012	10042.307588984888	-48.961884468812066	2397.2661307373	100847941.71178348	7467.833333892819	-25.06621593822092	55768534.70280073	628.3151814615204	7467.998482943929	13820.238857444849	0.9429940000000002	50.266632	0.12628274999999994	0.0702064	0.0088738455	0.1740051225	-0.058737190700000004	0.0303617702	-0.0783903566	0.1104067088	0.0869825475	0.0477131054	0.0371949917	-0.1102743548	0.0938736866	0.058345392300000014	-0.056141761299999995	0.0193721011	-0.2670016549	0.0629252163	0.0823943939	-0.12029416960000001	-0.057836817900000004	-0.052807422699999995	0.0689804436	0.054789535199999996	-0.07319516400000001	0.0227682797	-0.0520840016	0.0762887637	0.017887833	0.17141253329999998	-0.1940989184	0.2743696707	-0.12371065710000001	-0.0974465585	-0.0764985905	0.1352232861	-0.033413112599999996	0.0720199291	0.1427822788	0.0486516401	0.093824835	-0.11632744910000001	-0.0549915391	-0.0655972561	0.06550577610000001	0.0605897476	-0.0523518755	0.015817500800000002	-0.029466808100000002	0.0806999575	0.08510091380000001	0.1556168442	-0.2849348064	0.227889013	-0.08722012970000001	0.0721752004	0.060686	-0.057440867699999995	0.0317901282	-0.1382571715	-0.1974022957	-0.00490991	-0.01065024	0.0001134276120576	2.41072162081e-05	0.08257919999999999	-0.035174800000000006	0.006819324272639999	0.0012372665550400006	-0.121168	-0.055350900000000015	0.014681684224000003	0.0030637221308100013	-0.00385458	-0.0003885599999999996	1.5097887359999966e-07	1.4857786976399997e-05	-0.000119382	-8.145520000000001e-05	1.4252061924000001e-08	6.634949607040002e-09	-6.24285e-05	3.212100000000004e-05	3.89731761225e-09	1.0317586410000025e-09	0.0	0.0	0.0	0.0	0.0
9646.975587967616	-7.175017603032758	51.48087760382992	93064137.99484313	10031.072880380674	-11.234708604213665	126.21867742159256	100622423.13150863	7458.827743169615	-9.005590723203568	55634111.30227673	81.10066427385016	7458.31237378894	13990.917340851116	0.979045	52.188374	0.17690548	0.11819	0.08438606900000001	0.1331171506	-0.0437638907	0.052123761	-0.1142452076	0.18173311039999998	-0.0170157797	0.0004468964	0.0179330116	-0.1134513273	-0.1430515424	-0.0219267962	-0.1787028829	0.11292452929999999	-0.2157719883	0.0274143171	0.1128874609	-0.1684566757	0.0185298941	0.0184658449	0.00040015019999999996	-0.0347647651	0.08966902300000001	0.0988091281	-0.0758112167	0.0117537467	-0.1372642168	0.0149585302	0.1250172396	0.1829377127	0.006622263000000001	0.2004392284	-0.1108268698	-0.1723813026	0.0328360252	-0.34225263219999996	0.2987409283	0.0067285204	0.12441830640000001	-0.164503045	0.018498640900000002	0.013238894199999999	0.0033896029999999997	-0.0390344441	0.0933898484	0.103340228	-0.0567419824	0.0571814744	-0.1310705125	0.055167120599999994	0.0753959788	0.1756866716	0.1148885282	0.0826914735	-0.2589668517	0.14256433359999998	-0.052940608099999995	0.2994159726	-0.2305281257	-0.0020434	0.00286651	8.2168795801e-06	4.17548356e-06	0.08842389999999999	0.0058446999999999935	0.007818786091209997	3.4160518089999936e-05	-0.210435	-0.08926699999999997	0.04428288922499999	0.007968597288999995	-0.00533327	-0.0014786900000000006	2.1865241161000007e-06	2.84437688929e-05	-0.000216459	-9.7077e-05	4.6854498681e-08	9.423943929000002e-09	-5.96501e-05	2.7784000000000004e-06	3.55813443001e-09	7.719506560000003e-12	0.0	0.0	0.0	0.0	0.0
9625.362347074533	-21.613240893082548	467.1321819024157	92647600.31248017	9996.359600955204	-34.71327942547032	1205.011768470781	99927205.27160928	7439.813252363473	-19.01449080614202	55350821.23004316	361.5508606168594	7439.476368649899	13849.477699788278	1.1054830000000002	58.928185	0.175864007	0.0934762	0.0833841632	0.11363718140000001	0.0596895625	0.0745465893	-0.10542189810000001	0.10568606109999999	-0.1690934133	-0.1012498452	0.1578366457	-0.08234366139999999	-0.3183399718	-0.0495812192	0.1956752715	0.08754183550000001	-0.0216898212	0.020987312	0.1431200784	-0.1511059459	0.1215483016	0.1064920284	-0.0048755845	-0.17514959870000002	-0.0677926072	0.0361188967	-0.0411839383	-0.055038072599999995	-0.18907340460000002	0.0494857789	-0.2822849203	0.1132752815	0.0814411411	-0.0957533405	-0.2744332458	-0.21369739780000002	0.044805152800000005	-0.0127704383	0.0655734585	-0.0013504457999999999	0.1532109871	-0.14717096429999998	0.1113858244	0.1112032889	-0.0038989138000000002	-0.16857454300000002	-0.0801204634	0.0488457236	-0.0263986853	0.0028691865000000003	-0.1482821008	0.0328794893	-0.3481388391	0.0454171154	0.1363093189	0.2186049095	0.023927362999999997	0.2666233688	0.0086337686	0.032126970299999995	0.1224963671	0.00619253	0.008235929999999999	6.783054296489998e-05	3.83474278009e-05	0.051004900000000006	-0.03741899999999998	0.002601499824010001	0.0014001815609999985	-0.147573	0.06286199999999997	0.021777790329000003	0.003951631043999997	-0.00420246	0.0011308100000000005	1.2787312561000007e-06	1.76606700516e-05	-3.5958600000000008e-06	0.00021286314	1.2930209139600002e-11	4.531071637065961e-08	-5.63817e-05	3.2683999999999974e-06	3.17889609489e-09	1.0682438559999985e-11	0.0	0.0	0.0	0.0	0.0
9632.501094082083	7.138747007549683	50.96170883779954	92785077.32749252	10125.027664678051	128.66806372284736	16555.47062218671	102516185.21049587	7451.35692983717	11.543677473697246	55522720.09583242	133.25648961674514	7453.9660790071985	12954.109734252363	1.627599	86.75978899999998	0.529031082	0.306362	-0.072856232	-0.0157976386	0.27071224850000003	-0.0476496686	-0.1782836137	-0.2044091941	0.1303725037	-0.259265338	-0.19675834820000002	-0.1890809584	-0.22289726399999998	-0.22478420030000001	-0.04711030150000002	0.16569294380000002	0.0331635208	0.06569438849999999	0.09602236980000001	0.2372287476	0.2611832758	-0.1174555807	0.0393456239	0.0402038575	0.11439736869999999	-0.0465557948	-0.1241308511	0.17399308260000002	-0.0670704251	0.0556422988	-0.0589018572	0.0276686345	0.0593905179	0.018981957	-0.1443514665	0.1460386844	0.0461456022	0.070598962	-0.1543830339	0.0692626353	0.09074689009999999	0.23878438	0.2638685666	-0.0909250674	0.04211222480000002	0.044318779	0.1486212697	-0.0637349712	-0.0962931914	0.2210881313	0.0004827218	0.0325873454	-0.1133747019	0.0246754821	0.08970151259999999	0.09704929949999999	0.0175673026	-0.1574634896	0.0946803575	-0.00399356	0.16945994120000002	-0.00279051	-0.00898304	8.069500764159997e-05	7.7869460601e-06	-0.147728	-0.1987329	0.021823561984	0.039494765542409986	0.07043560000000001	0.2180086	0.004961173747360002	0.04752774967396002	-0.00253142	0.00167104	2.7923746816e-06	6.4080872163999985e-06	-0.000216755	-0.00021315914	4.6982730025e-08	4.543681896553961e-08	0.00012555	0.00018193169999999997	1.57628025e-08	3.3099143464889997e-08	0.0	1.0	0.0	0.0	0.0
9687.067409512867	54.56631543078402	2977.4827796918185	93839274.99644633	10097.23254992857	-27.795114749480486	772.5684039367877	101954105.16733705	7476.1370877590225	24.78015792185215	55892625.75496596	614.056226631932	7477.492092718635	13230.813075466729	1.2689700000000002	67.642899	0.345624165	0.242963	-0.09057512460000001	0.0778396846	-0.0251857911	-0.0221910365	-0.044061914	-0.0057335872	0.0594021484	-0.22339813809999998	-0.1461321501	-0.1264296817	-0.0586120232	-0.1398886517	-0.19412627710000002	0.0633788888	0.1998367643	0.09835844099999999	0.0136300858	0.024872672000000002	0.014788896299999996	-0.13473388630000002	0.0158779151	0.21919145129999998	0.1154857918	-0.1191929425	-0.028127957599999996	0.015540522900000001	-0.052192249	-0.1553507632	0.0078220692	0.0754457976	0.0333422198	0.24621507210000002	-0.0461885878	-0.11661641789999999	-0.19095635589999999	-0.034362109700000004	0.0946328621	0.0976140693	0.022228427999999998	0.0240079819	0.0257689665	-0.1298000256	0.0132770676	0.2106460106	0.122937855	-0.1234489701	-0.033577745	-0.0091459839	-0.077263853	-0.1419401579	0.0209358675	0.1054479924	0.0472621425	0.045044564599999996	-0.2431612216	0.0046495199	-0.2309495912	-0.0178231456	-0.12076608300000001	0.00234692	0.00513743	2.63931870049e-05	5.5080334864000005e-06	0.0902719	0.2379999	0.008149015929609997	0.05664395240001	0.0463981	-0.024037500000000017	0.00215278368361	0.0005778014062500007	-0.00357476	-0.0010433400000000002	1.0885583556000003e-06	1.27789090576e-05	5.88917e-05	0.00027564669999999996	3.46823232889e-09	7.598110322089001e-08	-0.00012445	-0.00025	1.5487802499999998e-08	6.25e-08	0.0	0.0	0.0	0.0	0.0
9717.055304414229	29.98789490136187	899.2738406151253	94421163.78904472	10053.731857047138	-43.50069288143277	1892.3102811647361	101077524.2534045	7493.092778120952	16.955690361929555	56146439.38152837	287.4954356496308	7494.89361749408	13696.575698668485	1.160715	61.872356	0.18926098	0.106156	-0.029661801800000002	0.14186570099999998	-0.0593359316	0.028023052599999997	-0.0538310366	0.1058569466	0.1337165986	-0.11982356460000004	0.0048346314	-0.062575642	0.0768763547	0.067750723	-0.0420468085	-0.137325484	-0.0787275385	0.0692660011	0.0333730249	-0.0712378691	-0.0995458366	-0.1913228164	0.0443278975	0.0035041688	0.042352822000000005	0.0449615217	-0.0281206028	-0.1108419214	0.0531487088	0.1311895733	-0.2627260384	-0.21873279690000005	-0.0685142597	-0.0763471766	-0.0689735924	-0.0361249295	-0.0879311474	-0.0900636373	0.0133227578	0.0626391828	0.0418173787	-0.06446745059999999	-0.0860483373	-0.206044399	0.045122355700000005	-0.01168451	0.028854376299999998	0.0738046497	-0.0784162484	-0.10816927330000001	0.0393437722	0.0543811726	-0.2311835132	-0.27818399120000004	-0.0712991117	0.085899241	0.0391332739	0.0003998016	-0.0779311035	0.1348110491	0.0596661334	-0.00696856	-0.00931548	8.677816763040001e-05	4.8560828473600015e-05	0.136664	0.04639210000000002	0.018677048896	0.0021522269424100017	-0.0458108	-0.0922089	0.0020986293966400002	0.00850248123921	-0.00389385	-0.0003190899999999997	1.0181842809999985e-07	1.51620678225e-05	-0.000267007	-0.0003258987	7.129273804899999e-08	1.0620996266168999e-07	5.74513e-05	0.0001819013	3.3006518716900007e-09	3.3088082941689995e-08	0.0	0.0	0.0	0.0	0.0
9700.205125217162	-16.85017919706661	283.9285389732563	94093979.47128929	10070.401715556134	16.669858508996185	277.88418270995254	101412990.71267591	7488.390871661493	-4.701906459458768	56075997.84678318	22.107924353500096	7488.694383914619	13735.635578435853	1.071622	57.12319599999999	0.081986783	0.0394459	-0.0737931479	0.137714936	-0.0837792781	0.0008917864999999998	-0.0013952403	0.1241604516	0.0328328595	-0.032558538	0.0309372929	-0.045443326500000006	0.011403268999999999	0.0919921674	-0.13162824	0.09432008019999999	0.0502059447	0.09253905189999999	0.0119705115	-0.0896785727	-0.1310527389	-0.1236580702	-0.09580793580000001	-0.0032023966	-0.0016608491	0.1253920618	0.1260999723	-0.1791139864	0.3489025824	0.02178975	0.0851645298	0.0961143348	-0.0027940812	-0.1469376235	0.0263969652	0.0136013501	-0.0041434089	0.0834963767	0.1984189675	0.08716265289999997	0.026455682	-0.094937817	-0.1183810144	-0.1322229662	-0.0890528659	-0.023067859399999998	-0.0228529569	0.1304808276	0.0569396746	-0.2818645924	0.2774055849	0.0361980414	0.07989088030000001	0.0922562038	-0.013391236899999999	-0.012880795300000001	0.17253014030000002	0.0342338123	-0.0486204369	-0.1342222759	-0.20218041679999998	0.000594688	0.007563248000000002	5.7202720309504004e-05	3.53653817344e-07	0.166504	0.029839999999999974	0.027723582016	0.0008904255999999988	-0.0268883	0.0189225	0.0007229806768899997	0.00035806100625000004	-0.00384399	4.9860000000000095e-05	2.486019600000009e-09	1.47762591201e-05	1.44524e-05	0.0002814594	2.0887186576e-10	7.921939384836e-08	-0.00012445	-0.0001819013	1.5487802499999998e-08	3.3088082941689995e-08	0.0	0.0	0.0	0.0	0.0
9636.4343261223	-63.77079909486202	4066.714817197254	92860866.52166817	10035.741594468398	-34.660121087736115	1201.3239938165298	100716109.35094309	7458.081671222263	-30.309200439230157	55622982.21462146	918.6476312654294	7458.828882574918	13649.559621792903	1.433138	76.393974	0.382015048	0.22413400000000006	0.06491767059999999	0.0467981858	-0.1004267276	0.033002961000000004	0.0456118874	0.0480174751	-0.09523232039999999	0.0808799754	0.16894953399999998	0.0232274375	-0.0896489256	0.0797661509	-0.1017025034	0.0781993738	0.0655295157	-0.0250980434	-0.040639913	-0.119230479	-0.026400812000000003	-0.0353100744	0.17718662300000002	-0.040314575899999996	0.216558725	0.14266094099999999	-0.2411127431	-0.3007545471	-0.2677570178	0.046253305599999996	0.3049080586	-0.0531934048	-0.0309056708	-0.0383549839	0.0045117164	-0.0976432864	0.2059672623	-0.089623058	0.07350966839999999	-0.0249582347	-0.0375589599	-0.11323556779999999	-0.026492526699999998	-0.0352968014	0.1812901652	-0.0556910709	0.17276591289999998	0.17576079949999998	-0.2360980419	-0.1172481743	-0.3787627159000001	0.13530623619999999	0.2848992804	-0.015157268400000003	-0.0039595181	-0.0228228482	0.0195339627	0.18085799440000008	0.1565271798	0.064826198	-0.1528379342	-0.00904309	-0.009637778	9.2886764777284e-05	8.177747674810001e-05	0.119719	-0.04678499999999998	0.014332638961000004	0.0021888362249999982	-0.0619627	-0.035074400000000006	0.0038393761912899993	0.00123021353536	-0.007799119999999999	-0.003955129999999999	1.5643053316899994e-05	6.0826272774399974e-05	-0.001393	-0.0014074524	1.940449e-06	1.98092225826576e-06	0.000323325	0.000447775	1.04539055625e-07	2.00502450625e-07	0.0	0.0	0.0	0.0	0.0
9608.897020799528	-27.53730532277223	758.3031844395796	92330901.95633005	10101.310275740032	65.56868127163398	4299.251963701125	102036469.28677116	7446.894344589303	-11.18732663296032	55456235.37947615	125.15627719254331	7449.681574837561	12666.544843634976	1.692493	90.219002	0.67156029	0.344096	-0.1486371684	-0.07814882769999999	0.1890005102	-0.0247470183	-0.09060144029999999	-0.2367414906	0.1074171536	-0.14035094380000002	0.22249868879999998	0.154741321	-0.0402784255	-0.065310845	-0.18231723530000002	0.0688073724	-0.0956361473	0.0771143617	-0.0038663588	0.225570935	0.26330415420000003	-0.0899726441	-0.11859203310000001	-0.0809796201	-0.0463518336	-0.0077026628	0.1787372356	-0.18199454	-0.0002948777	0.08047861690000001	-0.0806759101	0.027408487599999996	0.1258506821	0.2921825817	-0.0300630674	0.0104148571	0.0591642196	0.161239892	0.1013978907	0.086263236	-0.0065841218	0.22195282859999999	0.2737089028	-0.06898539990000001	-0.1187169275	-0.0872081321	-0.0537115649	0.0044055476	0.11302930630000001	-0.2207728941	-0.027798333999999997	0.0656072279	-0.08848685880000001	-0.0130270526	0.1394808929	-0.0854735773	-0.2866445467	-0.039115784199999996	0.0649627237	-0.0927247716	0.0999580801	0.0112165	0.02025959	0.0004104509869681001	0.00012580987225	0.0217001	-0.09801889999999999	0.0004708943400099998	0.00960770475721	0.169348	0.2313107	0.028678745104	0.053504639934489985	-0.0034526	0.00434652	1.8892236110399994e-05	1.1920446759999996e-05	0.000174485	0.001567485	3.0445015225e-08	2.457009225225e-06	-0.000202092	-0.0005254169999999999	4.0841176464000014e-08	2.7606302388900005e-07	0.0	0.0	1.0	0.0	0.0
9633.12554082424	24.228520024713358	587.0211825879362	92797107.68528034	10065.779631302064	-35.530644437967574	1262.4266941772755	101319919.58593552	7457.373874238891	10.479529649588583	55612425.10018078	109.82054167660624	7458.794646259941	12792.586983359273	1.309069	69.78042600000002	0.23992915999999995	0.150424	-0.1722118266	0.0152460749	-0.0870279555	0.0081789164	0.0424644229	-0.0232260619	0.12986207630000002	-0.1682102443	-0.0431213549	0.14407628390000002	0.2606997336	0.1660579824	0.001532205	0.09288357400000001	0.1964882642	0.1065104286	-0.092643197	0.0288862956	0.0677715636	-0.1347210506	-0.0203906267	0.24114343829999998	0.0279610101	-0.0265862756	0.12573966820000002	0.0049840812	-0.0511134024	0.2910005698	0.0904776391	-0.0292465227	0.027086306299999998	0.0921624678	0.0615071552	-0.0406255741	-0.0581770262	0.2018986481	-0.1484947416	0.113965466	-0.0832629006	0.021389308500000002	0.0806716526	-0.1359154644	-0.0143405357	0.2440223893	0.0360087282	-0.0382449147	0.1173646694	-0.0096096258	-0.030772359	0.284512301	0.053360279000000004	-0.0789311837	-0.0045553175	-0.0791792882	-0.0838820717	-0.0124488543	-0.042819780700000004	-0.17266618350000001	0.1726272582	0.00631804	-0.004898460000000001	2.399491037160001e-05	3.99176294416e-05	0.155376	0.13367590000000001	0.024141701376	0.017869246240809995	0.112878	-0.05647000000000001	0.012741442884	0.003188860900000001	-0.00431889	-0.00086629	7.504583641000002e-07	1.86528108321e-05	0.000205891	3.140599999999999e-05	4.2391103881e-08	9.863368359999991e-10	-0.000202092	0.0	4.0841176464000014e-08	0.0	0.0	0.0	0.0	0.0	0.0
9642.683996704594	9.558455880352994	91.36407881665474	92981354.66030288	9991.382801665852	-74.3968296362127	5534.8882599196595	99827730.28942417	7451.909050078447	-5.464824160444549	55530948.49064106	29.864303104578482	7451.656348365948	13590.022696871209	1.241878	66.198776	0.35537128	0.237994	-0.0179310676	0.1190976126	-0.1640625905	0.0807504067	0.0310664787	0.1398386691	-0.0667669139	-0.2812293804	-0.2365177083	0.0341647115	0.32885659710000004	0.2597298226	0.1144174832	0.3478075548	-0.3085331408	0.0691957406	-0.0124424661	-0.1679860368	0.05482396269999999	-0.061582752000000004	-0.022869350400000002	0.3556183776	-0.0460136501	0.0664341097	-0.010740827199999999	0.09647650880000001	0.2511174519	0.19993963190000005	0.1390160009	0.1506159463	-0.0185803105	0.0259306948	-0.1676477543	-0.22333499920000002	0.11382606599999999	0.1049898288	-0.0236660737	0.0586459703	0.0034493459000000002	-0.17389292550000002	0.0595399764	-0.061942720199999995	-0.0231440898	0.35175311740000004	-0.0360584651	0.0528311809	-0.016679410800000002	0.045269402300000004	0.2852796882	0.249580613	0.10673229279999999	0.1329168483	0.0707283408	0.1038787766	-0.07377454160000001	0.2589482396	0.0292531666	-0.1139361118	-0.0156948196	-0.0114286	-0.01774664	0.00031494323128960003	0.00013061289795999998	0.151285	-0.004090999999999984	0.022887151225	1.673628099999987e-05	-0.113122	-0.226	0.012796586884	0.05107599999999999	-0.00549258	-0.0011736900000000009	1.3775482161000015e-06	3.0168435056400007e-05	-0.000590386	-0.000796277	3.485556289960001e-07	6.340570607289999e-07	-2.13862e-05	0.00018070580000000005	4.5736955044e-10	3.2654586153640015e-08	0.0	0.0	0.0	0.0	0.0
9653.822309534677	11.138312830082214	124.06201270077403	93196285.18406944	10081.74540028382	90.36259861796862	8165.399228992103	101641590.31614396	7462.139573652319	10.230523573872233	55683527.01666802	104.66361259555548	7463.626249695129	13893.293902172234	1.144476	61.006714	0.031009640000000005	0.0169072	0.0252282465	0.13568716949999998	-0.1101818319	0.017597116399999998	0.05040178519999999	0.1856447562	0.0781396506	-0.1669644371	-0.2661569045	0.0329928385	-0.2169827573	0.2998811048	-0.11551833630000001	-0.3601339557	0.17881423429999999	0.025975480099999997	0.0239980876	-0.1611382949	0.0084256296	-0.1039352639	-0.0385566292	0.0669712725	0.0455865221	-0.11073029289999999	-0.20355393300000002	-0.0831170337	0.20641459510000001	0.18640407109999999	-0.1457638561	0.0504780583	0.1496393531	0.1951665852	-0.015235075	-0.0785207352	0.1068537129	-0.1650618358	-0.40196168270000004	0.0193779287	0.0318718703	-0.1579355085	0.0103284469	-0.1077537457	-0.0333255307	0.049710299000000006	0.07457216259999999	-0.09939691199999999	-0.2797594842	-0.0997079891	0.1917382011	0.1461467749	-0.1524735008	-0.0038206512	0.1243194362	-0.1046049874	-0.208554303	0.021427613199999997	-0.0024911447	0.2452010745	0.348984395	-0.0127189	-0.0012902999999999994	1.6648740899999985e-06	0.00016177041721000002	0.156334	0.005048999999999998	0.024440319556	2.549240099999998e-05	-0.112723	0.00039899999999999663	0.012706474729000002	1.5920099999999727e-07	-0.0052379	0.0002546800000000002	6.486190240000009e-08	2.7435596409999997e-05	-0.000540345	5.004100000000002e-05	2.91972719025e-07	2.504101681000002e-09	-0.000202092	-0.00018070580000000005	4.0841176464000014e-08	3.2654586153640015e-08	0.0	0.0	0.0	0.0	0.0
9636.270146844568	-17.55216269010816	308.078415100025	92857702.34296784	10066.472766247669	-15.27263403615143	233.25335040221114	101333873.95360601	7456.349082153263	-5.790491499055861	55597141.63492781	33.529791800638186	7456.648646215562	13633.050960049537	1.139795	60.757217	0.183379755	0.0953547	0.046736418700000004	0.051878773600000004	-0.0516083203	0.0039248237	0.0316785577	0.0700495708	-0.1209518214	-0.09247375390000001	0.0355507459	0.1677818099	-0.1598833415	0.26796019530000004	-0.2540240387	-0.1702188691	-0.1853509089	-0.0214972179	0.0485207657	-0.0912539233	0.1258797233	-0.024567738999999998	-0.0170278326	0.046584493600000006	0.1474335246	-0.0409037514	0.0613094057	-0.127493726	0.17400657149999998	-0.13421033029999999	0.23597389579999997	-0.051087721100000004	0.0851976094	-0.028920457599999998	-0.1521809309	0.0469630398	-0.3109532539	-0.020918443000000002	-0.0615918783	-0.030398583599999997	0.0499261005	-0.0887190576	0.125267753	-0.008725223	-0.011252023100000001	0.021919187599999997	0.1345279315	-0.0223449639	-0.018463917399999998	-0.2195861194	0.083032345	-0.08574100220000001	0.25627075239999997	-0.0082576722	0.1244990404	0.1928692145	0.0511663725	-0.1405255509	-0.2435481883	-0.017543256	0.009531373499999999	-0.015733100000000003	-0.0030142000000000033	9.08540164000002e-06	0.0002475304356100001	0.0978132	-0.05852080000000001	0.00956742209424	0.0034246840326400013	-0.051891699999999985	0.06083130000000001	0.0026927485288899987	0.0037004470596900016	-0.00542965	-0.00019175000000000008	3.676806250000003e-08	2.9481099122500007e-05	-0.00131547	-0.000775125	1.7304613209e-06	6.00818765625e-07	5.13021e-05	0.00025339410000000003	2.63190546441e-09	6.420856991481001e-08	0.0	0.0	0.0	0.0	0.0
9658.90822891808	22.638082073512123	512.4827599670708	93294508.1746614	9985.079390816029	-81.39337543164038	6624.8815641559595	99701810.44089898	7447.141591962677	-9.207490190586213	55459917.8907404	84.77787560974134	7446.202996306823	13934.166441004641	1.09734	58.494122	0.28370487	0.15349199999999996	0.1455937031	0.0072535813	-0.026868523199999998	0.100105753	-0.0730159864	0.0773924069	-0.16364773929999998	-0.10961426869999999	-0.10517473029999999	0.030877221200000006	-0.14038472470000002	-0.032765121099999996	-0.14190459519999998	-0.13490874890000001	0.1069622686	-0.0857924555	0.102692197	-0.1332557121	0.11414965980000001	0.0564703998	-0.0036349384999999996	0.035711680600000004	0.1601092489	-0.0610664428	0.1344110274	-0.042248306500000006	-0.143253385	0.11164669960000001	0.0369453922	-0.0634457188	-0.0047839354	0.0693951555	0.0363609775	0.3552708435	0.27588930149999996	-0.18646414460000002	-0.11092617279999999	-0.1020453508	0.0997477282	-0.1238279353	0.1094850008	0.061815758099999986	0.0007119817	0.0416861532	0.1691262827	-0.0598858279	0.1147392324	-0.036186721	-0.1206169125	0.1145870898	-0.011353088899999999	-0.0655899931	0.038590591	-0.049804584000000006	-0.026272945899999997	-0.2398311612	0.36385741619999995	0.19007635309999998	-0.0896661252	-0.0199648	-0.004231699999999998	1.7907284889999984e-05	0.00039859323904000007	0.0269421	-0.07087109999999999	0.0007258767524100001	0.005022712815209999	-0.15388800000000002	-0.10199630000000004	0.023681516544000008	0.010403245213690009	-0.00704155	-0.0016118999999999994	2.598221609999998e-06	4.95834264025e-05	-0.00180049	-0.0004850200000000001	3.2417642401e-06	2.352444004000001e-07	8.64975e-05	3.5195400000000005e-05	7.48181750625e-09	1.2387161811600004e-09	0.0	0.0	0.0	0.0	0.0
9668.4616158974	9.55338697931984	91.26720277663784	93479150.01808137	10012.792478726666	27.71308791063711	768.015241542701	100256013.22204527	7448.097178989641	0.9555870269641672	55474151.58767345	0.9131465661022162	7447.549575871166	14041.272938151484	0.860991	45.895443	0.11509426	0.0601751	0.1594381474	0.0169066655	0.0337994884	0.07334899339999999	-0.113671817	0.0468013113	-0.119919562	0.021295755899999998	-0.163785829	0.0409037873	-0.0448939832	0.040280337	-0.0719082271	-0.0676108886	-0.0818831925	-0.0870886702	0.12037353880000001	-0.120247447	0.0907065231	0.0955835681	0.0017977873999999996	0.0324241625	0.1031059706	-0.2100244434	-0.0422613415	-0.1393570079	0.0499716431	0.0195132335	-0.10920657369999999	0.1022640791	0.1197308784	-0.1485749651	0.1584300971	0.2151913161	-0.012603010500000001	0.0591563179	0.1286124343	-0.104202991	0.11563663630000001	-0.1080784699	0.0792972645	0.10556535619999999	0.0046409798	0.0284234321	0.10260191689999999	-0.1892562857	-0.0842100499	-0.1581004024	-0.0034455646999999997	0.005431285500000001	-0.1230198973	0.0726666007	0.050012738099999995	-0.1550663751	0.2100472849	-0.1360071528	0.0416890831	-0.16615828470000002	-0.1635545225	-0.0142064	0.005758400000000002	3.315917056000002e-05	0.00020182180096	-0.008145839999999998	-0.03508794	6.635470930559998e-05	0.0012311635334435998	-0.12598900000000002	0.02789900000000001	0.015873228121000005	0.0007783542010000004	-0.00624113	0.0008004199999999996	6.406721763999994e-07	3.89517036769e-05	-0.00170198	9.851e-05	2.8967359204000007e-06	9.7042201e-09	5.84491e-05	-2.804840000000001e-05	3.41629729081e-09	7.867127425600003e-10	0.0	0.0	0.0	0.0	0.0
9681.868924368193	13.407308470792485	179.75592043098396	93738585.8686465	10029.981268039288	17.188789312622248	295.45447803371684	100600524.23721899	7454.423986490999	6.326807501357508	55568436.97037236	40.02849315923362	7453.584722098647	14174.879140234156	1.002063	53.415337	0.24565519	0.153541	0.1884205533	-0.0347221341	0.0815917289	0.0463343922	-0.11100868	0.0148950382	-0.17102546329999999	0.0104506155	-0.1562315951	-0.08759951310000001	-0.0740054062	0.06496562410000001	-0.0219357644	0.002781666	-0.1170408841	-0.1162245722	0.1732680405	-0.0349231549	0.1075064919	0.140022926	0.0281385792	0.052365673499999994	0.0879046694	-0.21956500559999997	-0.0036181127000000004	0.17562537649999999	0.2271791048	0.078539823	0.22874750989999998	-0.0425882338	-0.0029415046000000004	-0.0377393321	-0.0686652631	0.1729884391	0.030978475699999997	0.0037233901	0.0848052143	-0.1360808225	0.1623503451	-0.0212936092	0.0940924965	0.1482548246	0.027816236499999997	0.0524397084	0.1186230598	-0.2207036241	-0.0322983532	0.09412657769999999	0.2558054129	0.0907208667	0.20731989620000002	-0.0321159081	0.0378141948	0.10160715630000001	0.0529598113	-0.145723314	0.0864656244	0.0252800309	-0.0102960291	-0.0123352	0.0018711999999999984	3.501389439999993e-06	0.00015215715904	-0.13551800000000006	-0.12737216000000007	0.018365128324000016	0.016223667143065616	-0.18188	-0.05589099999999997	0.033080334399999994	0.003123803880999997	-0.00736211	-0.0011209799999999995	1.2565961603999997e-06	5.42006636521e-05	-0.0017012000000000002	7.799999999999214e-07	2.894081440000001e-06	6.083999999998773e-13	-3.02075e-05	-8.865659999999999e-05	9.1249305625e-10	7.859992723559998e-09	0.0	0.0	0.0	0.0	0.0
9696.51797643799	14.649052069797108	214.5947265436269	94022460.86738507	10004.563487584117	-25.41778045517094	646.0635632672701	100091290.57710128	7455.5979233161415	1.173936825142846	55585940.39415597	1.3781276694264648	7454.837974542671	14435.001123485721	0.8709520000000001	46.426414	0.07798439	0.0485349	0.2112854145	-0.025658609199999998	0.1167026849	0.0685543134	-0.1624613548	0.036535563	-0.1876891505	-0.011275374	-0.229587238	0.0462935772	-0.0769002213	-0.09944881439999999	0.0903518821	0.0711734274	-0.1371089952	-0.11875278	0.2217379907	-0.0786022693	0.08884806599999999	0.2023817049	-0.0933709538	-0.0356465679	0.1172008949	-0.2073812934	0.049350766399999996	0.21702604829999997	-0.0006718857	0.05605855269999999	0.2748251675	-0.0874558624	-0.0354078115	-0.1474092227	-0.11803620390000001	-0.1825623034	-0.1354742683	0.17689940699999998	0.20232879469999998	-0.143167347	0.2125359214	-0.0603262775	0.0675490317	0.2040160227	-0.0920895632	-0.0260310794	0.1454933122	-0.209411878	0.08641064429999999	0.1728908299	0.0433312438	0.0780813195	0.2553692213	-0.0827376358	-0.0060083048	0.17395657050000002	0.11396548710000001	0.134298054	-0.1703084077	-0.1774530551	0.033229451	-0.014444299999999997	-0.0021090999999999974	4.448302809999988e-06	0.00020863780248999995	-0.133359	0.0021590000000000498	0.017784622881000002	4.661281000000215e-06	-0.225661	-0.04378100000000002	0.050922886921	0.0019167759610000013	-0.0069816	0.0003805099999999997	1.4478786009999974e-07	4.874273856e-05	-0.00156112	0.0001400800000000001	2.4370956544000003e-06	1.9622406400000032e-08	4.79083e-05	7.81158e-05	2.29520520889e-09	6.102078209639999e-09	0.0	0.0	0.0	0.0	0.0
9654.253648471622	-42.264327966368	1786.2734184487165	93204613.50902764	10115.296816123553	110.73332853943613	12261.870049422698	102319229.6782793	7459.549545313955	3.9516219978131626	55644879.41899363	15.615316413600896	7463.0915277102295	13150.845726786985	1.949043	103.894485	0.8495536570000001	0.463648	-0.0377031585	-0.1627964986	0.3806331165	-0.0508937662	-0.1842649883	-0.44125161960000003	0.0353249423	-0.10694706109999999	0.1302849954	0.2257868904	-0.2173505404	0.29080286980000003	0.0400123234	0.1361641836	-0.0130754064	-0.0389287484	0.1068441325	0.3882847004	0.27215010230000003	-0.0574630254	-0.280611362	-0.2273095493	0.1888479375	0.17978231190000002	-0.2316814623	-0.0008652137	0.13160554929999999	-0.0709477594	-0.0055229388	0.12285596730000001	0.17136785010000002	-0.0770476703	0.1357920194	-0.0322959279	0.0804405546	0.0374218106	0.1391967818	-0.0302543183	0.0850314767	0.3967400939	0.2753011112	-0.0296283771	-0.2761842946	-0.23130008649999997	0.1893122477	0.20649408870000002	-0.19108493350000005	0.0120532079	0.10607466550000001	-0.08901623410000001	0.023072981	0.1386421476	0.1218080593	-0.1821024502	0.0878849845	0.12998100140000002	0.0531422021	-0.12171096869999999	-0.19486993239999997	0.000365282	0.014809581999999996	0.00021932371901472395	1.3343093952399998e-07	-0.357263	-0.223904	0.127636851169	0.050133001216	0.147761	0.373422	0.021833313121	0.13944399008400002	-0.00406476	0.0029168400000000004	8.507955585600003e-06	1.6522273857599994e-05	2.04012e-05	0.0015815211999999999	4.1620896144e-10	2.5012093060494404e-06	-0.000202092	-0.0002500003	4.0841176464000014e-08	6.250015000009001e-08	0.0	0.0	0.0	1.0	0.0
9658.111266918824	3.8576184472021846	14.881220084194595	93279113.24418432	10077.355613034204	-37.94120308934907	1439.5348918672314	101553096.15155198	7481.144994613059	21.595449299104075	55967530.43042402	466.36343043017473	7483.424582535028	12781.443202224807	1.651688	88.04386099999998	0.715505458	0.472801	-0.11977742460000004	-0.1105506259	0.0179723102	0.0034695734000000002	0.0913946672	-0.19052319	0.1880362404	-0.0612571159	0.047518323499999994	-0.0607850884	0.057744803899999995	0.1704958073	0.10212184740000001	0.0319015264	-0.0541532442	-0.01376242	-0.1452702752	0.1937745134	-0.042406926100000006	-0.1827361579	0.0585752222	0.0755984941	0.0014330163	-0.0414294262	0.17375118350000002	-0.1988081779	-0.1941512284	0.12153631570000001	0.1172325356	0.1520528327	-0.0666242724	-0.0558562768	-0.0504706292	0.026603078399999997	-0.0600701654	0.21914144559999998	0.0809911659	0.0097402875	-0.1563074388	0.1926500759	-0.0246901878	-0.1853313834	0.0630525541	0.0767289107	-0.0164503392	-0.028260629300000006	0.1470602963	-0.15491697289999998	-0.2105078747	0.2208967325	0.0604240546	0.1503013346	-0.0596823362	0.058027776399999995	0.0316942386	0.0158594652	-0.008931536700000001	-0.24808555359999998	-0.0025960607	0.00313083	0.002765548	7.648255740303998e-06	9.802096488899997e-06	0.0887229	0.44598590000000005	0.007871752984409999	0.19890342299881	0.264548	0.11678699999999999	0.069985644304	0.013639203369	-0.00654808	-0.002483320000000001	6.166878222400002e-06	4.28773516864e-05	-0.000495619	-0.0005160201999999999	2.4563819316100003e-07	2.6627684680804e-07	-0.000202092	0.0	4.0841176464000014e-08	0.0	0.0	0.0	0.0	0.0	1.0
9676.176634875468	18.065367956643968	326.35751940893863	93628394.26930994	10059.011778502321	-18.343834531882752	336.49626533309396	101183717.96004844	7486.359279654565	5.214285041506628	56045575.26407003	27.18876849407977	7486.888544662223	12883.407513471291	1.091735	58.195362	0.30315486	0.223396	-0.1538702931	-0.0758816736	-0.1706897367	0.024807077	0.20826523800000002	-0.0690791738	0.1411120317	-0.0463944925	0.0632890674	0.1110998655	0.1739681239	-0.0153626064	0.0687510755	-0.026865909599999998	-0.0356870182	-0.0021899763	-0.24355985460000001	0.0587832439	-0.0964318902	-0.2501867076	-0.2105252703	0.051130256299999996	-0.12834098119999998	-0.043722708799999996	0.2363306332	-0.111160845	-0.0813102198	-0.058339472300000014	0.1563963077	-0.0880876945	0.0905953074	-0.1995770841	-0.0241201293	0.0202759258	0.18741915620000002	-0.0630544563	0.0475320483	0.021865689700000003	-0.24596581420000002	0.046393849699999996	-0.071305601	-0.2548970381	-0.2053733847	0.0513343371	-0.1388523121	-0.0644739941	0.2220518166	-0.13591865960000002	-0.08073631469999999	-0.0225865523	0.14878117789999998	-0.0459314496	0.1051990003	0.0441850779	0.2009721818	0.0445586311	0.19591630210000002	0.07255363940000001	-0.009392231800000001	0.000772215	-0.002358615	5.563064718224999e-06	5.963160062250001e-07	0.304731	0.2160081	0.092860982361	0.046659499265609986	0.25542600000000004	-0.009121999999999963	0.06524244147600003	8.321088399999934e-05	-0.00781864	-0.0012705599999999994	1.6143227135999986e-06	6.11311314496e-05	-0.000365574	0.00013004499999999994	1.33644349476e-07	1.6911702024999993e-08	-8.937409999999998e-05	0.00011271790000000005	7.987729750809996e-09	1.2705324980410009e-08	0.0	0.0	0.0	0.0	0.0
9629.284009296118	-46.892625579350344	2198.918333725143	92723110.53168592	10046.688623867993	-12.323154634328606	151.8601401415745	100935952.30495854	7461.151085519698	-25.208194134866968	55668775.52095178	635.4530515411417	7461.707975148999	13161.019983256638	1.051553	56.053459	0.24262370000000005	0.147726	-0.1521715371	-0.0559728221	-0.19321381199999998	0.0593852754	0.26166060280000003	0.1066624133	0.2641418166	-0.1338529994	-0.0979611077	0.2731321014	-0.12185314550000001	-0.16898948719999998	0.1766581932	-0.0952719378	-0.1093064637	0.016957491	-0.2626763929	-0.0327523672	-0.0462677834	-0.1232209644	-0.3576097627000001	-0.06108907650000001	-0.054691011799999995	-0.1607615335	-0.1351224756	0.0704071681	-0.0770677474	0.0441691728	0.027725025099999998	0.0957324369	0.13367162130000002	-0.109305496	0.1099946113	-0.0629495542	-0.1534048295	-0.2552839415	0.1661098941	0.0391338731	-0.2581702195	-0.05596961860000002	-0.0346449843	-0.1372328379	-0.3629053183	-0.0670479083	-0.039810393199999995	-0.1687598251	-0.1161336964	0.1199188995	-0.0671048222	0.0160238973	-0.0001898114	0.0453031779	0.1333403007	-0.1018543781	0.1291897571	0.0111504339	-0.19318765649999997	0.2140291551	-0.115678449	-0.00427428	-0.005046495	2.5467111785025e-05	1.82694695184e-05	0.4306100000000001	0.12587900000000007	0.18542497210000006	0.015845522641000018	0.188186	-0.06724000000000005	0.035413970595999995	0.004521217600000006	-0.00718949	0.0006291500000000003	3.958297225000001e-07	5.16887664601e-05	-0.000426619	-6.104499999999998e-05	1.8200377116099998e-07	3.726492024999997e-09	0.000109595	0.0001989691	1.2011064024999998e-08	3.958870275481e-08	0.0	0.0	0.0	0.0	0.0
9581.241401939069	-48.042607357048844	2308.092121663563	91800186.80223134	10061.494692408458	14.806068540465276	219.21966562495555	101233675.44536357	7442.680793074472	-18.470292445226733	55393497.38759965	341.15170301219973	7443.421853847656	12909.590241197107	1.19075	63.473373	0.264401945	0.142308	-0.1984273781	-0.11304395119999999	-0.1528488543	0.0376040696	0.2284572444	0.0899802925	0.18529761620000001	-0.0344750654	0.0980198473	0.4328973019	-0.2508961776	-0.250516843	-0.0630333483	0.19978144690000002	-0.0122511246	0.065946611	-0.2349899277	-0.0622331988	0.0203071561	0.0693822624	-0.4909337148	0.0049889878000000006	0.09839834369999999	-0.0784820121	-0.1463855289	0.13275594029999999	-0.0487541482	-0.1230524251	-0.1334072598	-0.1223376848	-0.3245391734	0.034069673599999996	-0.1626526918	0.198885814	0.2082601682	-0.033134802000000005	-0.0475966837	0.0852470882	-0.22125389809999998	-0.08562141289999999	0.0207107454	0.0553591758	-0.4933915376	-0.0016560695000000002	0.1107753574	-0.0596384888	-0.1023812969	0.1483301968	-0.0132083597	-0.1291425438	-0.1004393383	-0.0818574146	-0.2710873426	0.22095594699999999	-0.09180029460000001	-0.0690950501	0.3089267266	0.031761441	-0.0409428513	0.00226332	0.0065376	4.274021376e-05	5.1226174224e-06	0.5180859999999999	0.08747599999999989	0.26841310339599994	0.00765205057599998	0.151712	-0.036474000000000006	0.023016530944	0.0013303526760000007	-0.00520082	0.00198867	3.9548083688999984e-06	2.70485286724e-05	-4.86891e-05	0.0003779299	2.37062845881e-09	1.4283100931401e-07	-0.000202092	-0.000311687	4.0841176464000014e-08	9.714878596900001e-08	0.0	0.0	0.0	0.0	0.0
9578.138420810614	-3.1029811284552125	9.628491883549184	91740735.60820843	10009.8885198672	-51.606172541258275	2663.1970443581195	100197868.18016917	7412.142050930302	-30.538742144170104	54939849.78316926	932.6147717481109	7412.686759506819	13248.9272686767	1.289246	68.723724	0.410388085	0.244213	-0.0628787743	-0.0004284525	-0.24617252809999998	0.0598570416	0.2000375875	0.1233364557	-0.0920158602	-0.018706643000000002	0.08683468539999999	0.035486456	0.014132693200000001	-0.0726658047	-0.0475773036	0.2608459024	-0.0679858406	-0.0161041008	-0.1973687705	-0.1899667098	0.18583266699999998	0.08935782910000001	-0.2389058945	0.056952103899999995	0.0088741051	0.0211531033	-0.0387769764	-0.0068099181	-0.0532139057	0.0095614808	-0.103654337	-0.040788708	-0.20657193510000002	0.0672895107	0.051653521699999996	-0.0766568891	-0.2614318735	0.10049493220000001	-0.1034129483	-0.0085501235	-0.1858264154	-0.2044843117	0.177665902	0.0972160277	-0.23642867739999998	0.0431831222	0.0202478072	0.0175146842	-0.0104474576	0.0310017454	-0.0625932713	0.008711974	-0.0856303848	-0.0327524319	-0.24481123510000002	-2.71362e-05	-0.033195380499999996	-0.0242417623	-0.25516756	-0.1297031246	-0.0178186406	-0.00207367	-0.004336990000000001	1.8809482260100007e-05	4.3001072689000015e-06	0.331955	-0.18613099999999996	0.11019412202500001	0.034644749160999966	0.078297	-0.07341499999999998	0.006130420209000001	0.005389762224999997	-0.007727709999999999	-0.0025268899999999987	6.385173072099992e-06	5.971750184409998e-05	-0.000451901	-0.00040321190000000003	2.04214513801e-07	1.6257983630161e-07	-0.000202092	0.0	4.0841176464000014e-08	0.0	0.0	0.0	0.0	0.0	0.0
9619.096337518878	40.957916708264754	1677.5509410811526	92527014.3504691	10012.770325635402	2.8818057682019567	8.304804485642071	100255569.59392488	7412.1354208577795	-0.006630072522057162	54939751.49713453	4.395786164773742e-05	7413.559142483091	13215.877124059563	1.212877	64.652878	0.34847021999999994	0.196894	0.0025932004999999997	-0.0617278067	-0.1453781561	0.0483310642	0.1518731244	-0.0555804146	-0.20889237030000002	-0.1546945303	0.179901413	-0.0692556488	0.0143909592	-0.1802117227	0.098389849	-0.040330895	0.0328513441	-0.0751016006	-0.1984356236	-0.0724088221	0.25749555620000003	0.0718513635	0.0611706717	0.11112234210000001	-0.1517685823	0.0315747852	0.0113996579	-0.1608210416	0.0417688592	-0.27401804280000003	0.127458282	0.0845821151	-0.0668400581	-0.1663542783	0.1226998515	0.0933356325	-0.218457065	-0.0779232092	-0.1424524356	-0.059109068	-0.1999714212	-0.0783837623	0.25408556579999997	0.08887409800000001	0.056707321399999996	0.0980861831	-0.16289709619999998	0.0415549213	-0.0433554485	-0.1431371967	-0.0329309356	-0.18142852809999999	0.1609808523	0.1496460657	-0.1388375207	0.0111715931	0.1995864809	-0.2162785195	-0.1766047261	0.19660387699999998	0.2314056371	0.0114753	0.01354897	0.0001835745880609	0.00013168251009	0.190368	-0.141587	0.036239975424	0.020046878569	0.18464	0.10634300000000001	0.0340919296	0.011308833649	-0.00933301	-0.0016053000000000007	2.576988090000001e-06	8.710507566009997e-05	-0.000586426	-0.00013452500000000006	3.4389545347600004e-07	1.8096975625000007e-08	-0.000202092	0.0	4.0841176464000014e-08	0.0	0.0	0.0	0.0	0.0	0.0
9674.849177219732	55.752839700853656	3108.3791347090837	93602706.60194932	9978.887053764274	-33.883271871127356	1148.0761126927307	99578186.83178423	7429.208301440712	17.072880582932154	55193135.98619559	291.4832513990619	7429.675024844974	13752.784008596247	1.162905	61.989094	0.3597737950000001	0.217214	0.12411878800000001	-0.09493851460000001	-0.0529240736	0.1059810597	0.0662689751	-0.136060653	-0.1185002402	0.0446033923	0.0388176781	-0.0257414419	0.2012669066	-0.0812134814	-0.1313742323	-0.225192736	0.0124547023	-0.1487036125	-0.0740064592	0.0202155656	0.21313178859999998	0.0627538501	0.11856150019999999	0.0940258812	0.100936216	0.0599138763	0.166515576	-0.15223824589999999	-0.13435046539999998	-0.0398937174	-0.19261920719999998	-0.1549142199	-0.2492964522	-0.20244605100000002	0.0682912842	-0.1014290212	0.0759956296	0.10407490330000001	0.0883997707	-0.1415324036	-0.08873518220000001	0.0204295255	0.20382341129999998	0.0806163422	0.11516754039999999	0.09361985880000001	0.0781389545	0.0781542771	0.1569523556	-0.1545308976	-0.15759634150000001	-0.035385373399999996	-0.1415475135	-0.1686096484	-0.2905185177	0.0124578108	0.15791363419999999	0.1459212958	0.0660194762	-0.0463339599	-0.0294552156	0.002798	-0.008677299999999999	7.529553528999998e-05	7.828804000000001e-06	0.00491853	-0.18544947	2.41919373609e-05	0.0343915059232809	0.08082139999999999	-0.1038186	0.006532098697959998	0.010778301705960005	-0.00992222	-0.0005892100000000015	3.471684241000017e-07	9.84504497284e-05	-0.00109633	-0.0005099039999999999	1.2019394689e-06	2.6000208921599987e-07	-6.46375e-05	0.00013745450000000002	4.17800640625e-09	1.8893739570250006e-08	0.0	0.0	0.0	0.0	0.0
9724.27505641502	49.42587919528887	2442.9175342272893	94561525.37281536	9963.804076334969	-15.082977429305176	227.4962081329293	99277391.67158934	7468.075340137822	38.86703869711072	55772149.28597465	1510.646697082703	7466.282161250861	14379.498500331067	1.276629	68.051201	0.315826065	0.171915	0.1981408397	-0.1405311692	0.0345007018	0.1193479498	0.033022543599999996	-0.0554592571	-0.1205930316	0.0394500237	-0.1722213704	0.052338110599999994	0.1754938769	-0.3862690943	-0.3156512316	0.0287442179	0.0091903101	-0.2227219993	0.0443472355	0.08213931990000001	0.014438744	0.046920582999999995	-0.0281507859	0.2144518341	-0.15534920800000002	-0.11070486880000001	0.3181202435	0.1399423577	-0.0532525723	-0.1387929232	-0.1263393959	-0.1051825175	0.4536557585	-0.1785255284	-0.0801246395	-0.09873161289999999	0.06261004839999999	-0.2658354121	-0.1116885066	-0.22333090100000005	0.014786287	0.08899833310000001	0.009842875400000001	0.053698933	-0.034286855299999995	0.228679608	-0.1314530723	-0.1455972199	0.3136549006	0.0080138759	-0.0033936597999999997	-0.20197537780000002	-0.11462883619999999	-0.1494997474	0.46992408490000004	-0.0075153124	0.15692371730000002	0.1120608426	-0.022002528599999998	0.20913511829999998	-0.0298317871	-0.0135597	-0.016357700000000003	0.0002675743492900001	0.00018386546409000006	-0.136363	-0.14128153000000002	0.018594867769000004	0.019960470719140904	0.013594299999999998	-0.06722709999999997	0.00018480499249	0.004519482974409998	-0.0110428	-0.0011205799999999997	1.2556995363999991e-06	0.00012194343184	-0.0016766699999999995	-0.0005803399999999995	2.811222288899998e-06	3.367945155999995e-07	5.36372e-05	0.0001182747	2.87694922384e-09	1.3988904660090006e-08	0.0	0.0	0.0	0.0	0.0
9722.438726948114	-1.8363294669070456	3.372105911031114	94525814.79926048	10040.937293205348	77.13321687037933	5949.5331447729695	100820421.72608197	7489.486386358037	21.411046220214306	56092406.33144236	458.4329002441532	7489.360721301033	14591.595775033464	1.417293	75.549339	0.47670693	0.297232	0.2000863775	-0.2432313582	0.052453899299999995	0.050458916	0.0109130287	-0.1765449855	-0.1264528024	0.3187574522	-0.174737153	0.21970431070000002	-0.047309128799999996	0.08063087690000001	0.0231519584	0.0298959202	0.14219710130000002	-0.281572063	0.0949240678	0.1666928711	-0.2025680864	0.1541272522	-0.1184403316	0.155500811	-0.060145066399999995	0.1263109661	-0.262498161	-0.16250855109999998	0.1276238823	0.0405125625	0.0311373741	-0.2796035779	-0.1660888159	-0.10587046650000001	0.0626017233	-0.1075404016	0.11871901509999999	0.1482964269	-0.0215779213	-0.2802037248	0.0562094823	0.1776444185	-0.217000317	0.13193615050000002	-0.1318632487	0.1457122636	-0.0738309005	0.1632069777	-0.2961818068	-0.0769007148	0.0731567344	0.0255276638	0.0876221867	-0.2511852743	-0.2125538095	-0.0187774534	0.0776569925	0.10604779880000001	0.1059126496	-0.0231436017	0.1491793002	-0.0121743	0.001385400000000002	1.919333160000005e-06	0.00014821358048999994	-0.355933	-0.21957	0.126688300489	0.048210984900000003	-0.0585111	-0.0721054	0.0034235488232099995	0.00519918870916	-0.014487	-0.0034442	1.1862513639999996e-05	0.00020987316900000002	-0.00183265	-0.00015598000000000044	3.3586060225e-06	2.4329760400000142e-08	-1.91054e-05	-7.27426e-05	3.6501630916e-10	5.29148585476e-09	0.0	0.0	0.0	0.0	0.0
9684.802838293484	-37.63588865462953	1416.4601148236713	93795406.01661754	9993.919349093985	-47.01794411136325	2210.687068459278	99878423.95619516	7488.189395649892	-1.2969907081442216	56072980.42512351	1.682184897012449	7486.986317890615	14292.140081621968	0.9476230000000002	50.513405	0.18066913	0.100054	0.1766427424	-0.29275808	0.0391231809	0.0793818546	0.0468003463	-0.2295736273	-0.1929275989	0.24062606350000001	-0.1667353766	0.0613374835	0.0667596535	-0.0193686282	0.1569383592	0.1200898831	0.009649372199999999	-0.3209348405	0.06197255700000001	0.1919404673	-0.23154699399999998	0.1622199924	-0.1359892238	0.17744958730000002	-0.1591479909	0.1647716026	-0.1075172833	0.061051374299999996	0.006469616899999999	0.1175233289	-0.012963519299999999	0.09742660210000001	0.005932721	0.11436681470000001	-0.056079869000000004	0.0230250405	-0.0553006591	-0.1002069522	-0.1298515358	-0.3160257113	0.01939542	0.202231563	-0.2372878193	0.1398201926	-0.1449796907	0.1699497882	-0.1654353948	0.1449590117	-0.08192539160000001	0.1001760286	0.0346846531	0.1070451735	-0.0491377721	0.0818786646	0.030577387	0.0208052707	-0.114647249	-0.029779187999999998	-0.0646459663	0.020121018799999998	-0.0803231286	-0.00540675	0.006767549999999999	4.5799733002499985e-05	2.92329455625e-05	-0.408889	-0.052955999999999996	0.167190214321	0.002804337936	-0.0319209	0.026590199999999998	0.00101894385681	0.0007070387360399997	-0.015978100000000002	-0.001491100000000002	2.2233792100000063e-06	0.0002552996796100001	-0.00179579	3.685999999999989e-05	3.2248617241e-06	1.3586595999999913e-09	-0.0003782530000000001	-0.00035914760000000013	1.4307533200900006e-07	1.2898699858576006e-07	0.0	0.0	0.0	0.0	0.0
9682.535592598137	-2.2672456953478104	5.140403043073175	93751495.50192976	10040.129191646458	46.20984255247277	2135.3495487243226	100804194.18495136	7487.244641679594	-0.9447539702987342	56058832.32435979	0.8925600643952215	7487.369428885746	14130.269372036482	0.859247	45.802509	0.2889279699999999	0.186205	0.1937580443	-0.2710313769	0.0398709628	0.037405422	0.0173698603	-0.2270068975	-0.1125274933	0.1700592762	-0.15312206	-0.0451336854	-0.0675380981	0.0681645849	0.018547685	0.0843557462	-0.0471666226	-0.2932057719	0.0472791156	0.1595595145	-0.186162501	0.09704800179999999	-0.0068394275	0.052281242400000004	-0.0110913926	0.1126299066	-0.0154282821	-0.0706662645	-0.0411230558	0.0862956578	-0.0907764315	0.0280309194	0.019367645	0.1619322164	0.0452894122	0.0217441136	-0.18289524129999998	-0.053322748899999994	0.12858252439999998	-0.2874219647	0.0081125829	0.1731465477	-0.1912008766	0.0792105798	-0.0179439591	0.0495039399	-0.028494777599999997	0.12857515320000001	-0.0397741129	-0.0483457338	-0.0586851275	0.0748302211	-0.0936182413	-0.0050636034	0.0098606034	-0.0495646229	-0.13726944630000001	-0.10732224900000001	-0.17959490179999998	0.054505870199999994	-0.0009770903	-0.00441391	0.00099284	9.857312656e-07	1.94826014881e-05	-0.278358	0.130531	0.077483176164	0.017038341961000004	-0.00718682	0.02473408	5.16503817124e-05	0.0006117747134464001	-0.0135517	0.002426400000000002	5.88741696000001e-06	0.00018364857289	-0.00174495	5.0839999999999906e-05	3.0448505025e-06	2.584705599999991e-09	-0.000202092	0.00017616100000000004	4.0841176464000014e-08	3.103269792100002e-08	0.0	0.0	0.0	0.0	0.0
9644.98093139963	-37.55466119850644	1410.3525777346051	93025657.16706248	10051.975313003324	11.846121356866204	140.33059120160164	101042207.69322827	7466.803317439433	-20.441324240160608	55753151.78132452	417.8477366913778	7467.370288539697	13844.59600147736	0.939767	50.094608	0.37672678	0.254577	0.17456988010000002	-0.1979392357	-0.032395477400000004	0.0323045618	0.0826497491	-0.1413833126	0.0269360839	0.1868301832	-0.0674029829	-0.1307166978	0.058122433700000004	-0.0087493276	-0.1760152095	0.0191442437	0.0916312132	-0.2530147971	-0.038855163399999997	0.0500235273	-0.0788073834	0.0441064734	0.0981071223	-0.0436973675	0.0380236719	0.0440123801	0.08817778789999997	-0.12453448539999999	0.0323954375	0.0048320631	-0.057219840999999994	0.13568860929999998	-0.028999373300000002	0.1352853656	-0.0838745783	-0.0016963757999999998	-0.0521684947	0.027401141400000002	0.0027097604	-0.24080796440000002	-0.0692754905	0.0619817094	-0.08707863130000001	0.0418523747	0.1019757525	-0.0494313824	0.0241895767	0.0404280068	0.0524310496	-0.1474831788	0.0037331665	0.029275732000000002	-0.0756321005	0.1319775558	0.0033734016999999996	0.052794489800000004	-0.1326856331	-0.0407731363	-0.0376892802	-0.0533554199	-0.0150327772	0.00323215	0.00764606	5.84622335236e-05	1.04467936225e-05	-0.0511254	0.2272326	0.0026138065251600003	0.05163465450276	0.0339473	0.04113412	0.00115241917729	0.0016920158281743998	-0.0116689	0.0018828000000000004	3.5449358400000014e-06	0.00013616322721	-0.00161347	0.00013148	2.6032854409000003e-06	1.72869904e-08	-0.000202092	0.0	4.0841176464000014e-08	0.0	0.0	0.0	0.0	0.0	0.0
9652.034913736908	7.053982337278285	49.75866681463401	93161777.97599626	10049.417628322326	-2.5576846809981357	6.541750927412537	100990794.66843551	7463.1787400762905	-3.6245773631426346	55699036.90632673	13.137561061406016	7463.819767786314	13699.8103326976	0.780162	41.58685300000001	0.2331308	0.167492	0.13797875	-0.1504798939	-0.117090827	0.037655427000000005	0.1477333437	-0.0479956842	0.0305202077	0.10383762960000001	-0.1403256752	-0.0488386066	-0.045280856900000006	0.011306696000000001	0.047923938	0.0056261938	0.096023274	-0.19678726870000002	-0.1124314141	-0.048112838399999996	-0.0504456891	-0.014580806399999997	0.1130223233	-0.06265277820000001	0.0038467540000000004	0.00014813819999999998	0.1275826498	-0.0470706738	-0.0711445409	0.0183260931	-0.033183467	0.0707985646	-0.0743685533	0.18134932199999998	-0.06588769929999999	0.1194005499	-0.030639915400000002	-0.11918455509999999	-0.011073306599999999	-0.1830106698	-0.1323600086	-0.0372006843	-0.0535461284	-0.0157057185	0.112911927	-0.0639942138	0.0042338432	-0.006934505400000001	0.1093557265	-0.0522280156	-0.0662877383	0.05490183690000002	-0.05149462690000002	0.0793015855	-0.0328904348	0.052142473499999994	-0.16903098600000002	-0.147199915	0.0206236573	0.1174344841	-0.007404039100000002	0.00718995	0.003957799999999999	1.5664180839999992e-05	5.16953810025e-05	0.109955	0.16108039999999998	0.012090102025	0.025946895264160004	0.07138430000000001	0.03743700000000001	0.005095718286490003	0.0014015289690000009	-0.0113581	0.0003108	9.659663999999998e-08	0.00012900643560999998	-0.00140568	0.00020779	1.9759362624000003e-06	4.31766841e-08	-0.00010757	9.4522e-05	1.15713049e-08	8.934408484000003e-09	0.0	0.0	0.0	0.0	0.0
9628.134715660313	-23.900198076595192	571.2194681004844	92700978.10290329	10056.53639151522	7.118763192893312	50.676789396492566	101133924.19386996	7448.710144299233	-14.46859577705709	55483282.81378631	209.34026375987426	7449.5423606939285	13503.542322682888	0.784659	41.826523	0.16666889999999998	0.09221	0.09984326519999999	-0.1393194183	-0.176291613	0.0193485144	0.2071879671	-0.051338175300000004	0.0115780218	0.0705299457	0.0411906483	-0.14623251380000002	-0.18358400260000002	0.08493363109999999	0.0273192765	0.0079412886	-0.0315691499	-0.1742990725	-0.17462754190000002	-0.068657454	-0.0036535006	-0.0102606101	0.08786063720000001	-0.16978079769999999	0.0328046375	0.0446807946	0.0907619268	0.0068700108	-0.0797012302	0.022528879300000002	0.0136435028	0.1242420597	-0.0136240602	0.1303151905	-0.199194498	0.19763876510000009	0.0624525883	0.0260010347	0.0576725631	-0.1560011901	-0.1893614889	-0.064804391	-0.0029060571999999997	-0.0061527031	0.10076860720000001	-0.169209225	0.0323247356	0.0341209369	0.098717395	0.0044505494	-0.053292840300000005	0.0479037646	-0.0599792015	0.1370171577	0.0704245127	0.1586045418	-0.1223358484	-0.1578551059	0.1280685816	-0.0376717526	-0.060200549299999996	0.0110135	0.0038235500000000006	1.4619534602500006e-05	0.00012129718225000002	0.191379	0.081424	0.036625921641	0.006629867776000001	0.0965185	0.02513419999999998	0.009315820842249998	0.0006317280096399991	-0.011636100000000005	-0.0002780000000000057	7.728400000000316e-08	0.00013539882321000012	-0.00193558	-0.0005298999999999998	3.7464699364e-06	2.807940099999998e-07	0.000210273	0.000317843	4.4214734529000005e-08	1.01024172649e-07	0.0	0.0	0.0	0.0	0.0
9617.44890688585	-10.685808774464023	114.18650916441229	92495323.47655982	10081.801796210442	25.26540469522297	638.3406744133948	101642727.4580721	7448.057917153865	-0.6522271453686699	55473566.73727837	0.42540024915576397	7449.551866348544	13309.54063657266	0.8570969999999999	45.687889	0.17719075000000006	0.0923403	0.0676025824	-0.1391793704	-0.1965163842	-0.0078371212	0.3257343294	-0.039144983	-0.0151846793	0.055926259000000006	-0.026554729500000002	-0.21501014219999998	-0.1461326312	0.08679183359999999	0.0807411626	-0.136095945	0.050357968200000006	-0.1459657929	-0.2585206931	-0.06267207849999999	-0.0077987224	-0.0773501746	0.1659562127	-0.20961709	0.0383690534	0.0554800325	-0.1204944507	0.2290948454	0.0106378517	0.0247691579	0.1353864142	0.0083384525	0.1219917244	-0.18856453350000002	0.0415491045	-0.187142122	0.1715088264	0.0241074801	-0.17389092379999999	-0.12051332	-0.2708404367	-0.0676716982	-0.004486358	-0.0673509067	0.1725484752	-0.1972476645	0.0510389565	0.0414333272	-0.056997827	0.24773786050000002	0.062482452599999995	0.0040383627	0.128267606	0.0025862827	0.10780755939999999	-0.0772868786	0.159107308	0.24133875010000005	0.0691169486	0.0436477798	0.14729034859999998	0.0105023	-0.0005112000000000017	2.6132544000000164e-07	0.00011029830528999998	0.270509	0.07912999999999999	0.073175119081	0.0062615569000000005	0.116253	0.0197345	0.013514760009000001	0.0003894504902500001	-0.0122438	-0.000607699999999994	3.6929928999999277e-07	0.00014991063843999998	-0.00126879	0.00066679	1.6098280640999996e-06	4.446089041e-07	-7.153800000000002e-05	-0.00028181100000000003	5.117685444000003e-09	7.941743972100002e-08	0.0	0.0	0.0	0.0	0.0
9633.319904005792	15.870997119942329	251.88854958121772	92800852.37291417	10080.268304724825	-1.53349148561756	2.351596136461552	101611809.09523991	7444.853655916659	-3.204261237206083	55425845.95801564	10.26729007626146	7446.502542552617	13223.925842176814	0.7601299999999999	40.518997	0.13602308000000002	0.07164169999999999	0.0408265097	-0.119400718	-0.18926976239999999	-0.0050861731	0.31544623190000004	-0.030198074300000002	0.0060641089	0.049112237	-0.0041971419	-0.1810549145	-0.0611370433	-0.029285189700000002	0.0940762774	-0.0515630426	-0.0642255446	-0.1351214088	-0.2733538041	-0.0312763579	0.023638817799999996	-0.069945479	0.1848846698	-0.172689149	-0.0152973949	0.0117946943	-0.0988993056	0.257489256	0.1646101621	-0.0366936724	-0.035960645699999995	0.015740858	-0.0047627837	0.07570176969999999	0.023456596099999998	-0.0079012653	0.038347786099999996	0.108551114	0.052075845	-0.10607227550000001	-0.2833599596	-0.0369625496	0.024881679	-0.0560710559	0.192950846	-0.1615817114	0.0154470479	-0.0084223763	-0.0353577583	0.2158886952	0.2288281143	-0.0834575857	-0.0168034996	0.0194536649	0.0064161853	-0.0321336298	-0.0785171367	0.039266596099999995	0.032710847200000004	-0.1252008891	-0.0364659317	0.00961627	-0.0008860299999999995	7.85049160899999e-07	9.24726487129e-05	0.25316500000000003	-0.017343999999999967	0.06409251722500002	0.00030081433599999903	0.160905	0.044652	0.025890419025	0.001993801104	-0.011262500000000002	0.0009812999999999977	9.62949689999995e-07	0.00012684390625000006	-0.000917823	0.0003509669999999998	8.42399059329e-07	1.2317783508899993e-07	-0.000202092	-0.00013055399999999998	4.0841176464000014e-08	1.7044346916000002e-08	0.0	0.0	0.0	0.0	0.0
9659.44423625948	26.12433225368841	682.4807357011043	93304862.95340648	10077.29666800789	-2.9716367169348814	8.830624777435519	101551908.13504292	7449.418550813126	4.5648948964671945	55493836.74519874	20.83826541579224	7450.762651479998	13317.222921898709	0.675341	35.999306	0.10627001999999992	0.054841699999999986	0.051844970899999995	-0.1124491874	-0.1735895091	-0.0046980689	0.3015119485	-0.064012015	-0.0398133696	0.0671597394	0.0629478126	-0.17171994440000002	0.0465080317	0.1019991128	0.0306365261	-0.077276306	-0.2026432943	-0.1292365344	-0.2597899811	-0.015396338600000004	0.016507948999999997	-0.062295465599999995	0.24073840829999998	-0.144221853	0.0281944882	0.0140793587	0.0222618842	0.2526083745	0.2222112134	-0.0713738636	-0.08945194	-0.1078770858	0.018253641100000002	0.1104576108	0.0715890532	-0.0711828556	-0.037446220499999995	0.0924254124	0.0884241032	-0.1006984263	-0.2704757879	-0.020975892599999997	0.0191845603	-0.0494323703	0.2442939266	-0.1252895087	0.039797975	0.0023647867	0.0538338386	0.160784045	0.2757165618	-0.15243496480000002	-0.0279613981	-0.1077042973	-0.0197395382	-0.06903235440000001	-0.10326114269999999	0.044781967	-0.0666939827	-0.11103975640000001	-0.0027863292	0.00245445	-0.007161819999999998	5.129166571239999e-05	6.0243248024999985e-06	0.205411	-0.04775400000000002	0.042193678921	0.002280444516000002	0.149944	-0.010961	0.022483203136	0.00012014352099999996	-0.0108041	0.00045840000000000117	2.101305600000011e-07	0.00011672857681000003	-0.000770451	0.000147372	5.93594743401e-07	2.1718506384e-08	0.0	0.000202092	0.0	4.0841176464000014e-08	0.0	0.0	0.0	0.0	0.0
