global_signal	global_signal_derivative1	global_signal_power2	global_signal_derivative1_power2	csf	csf_derivative1	csf_derivative1_power2	csf_power2	white_matter	white_matter_derivative1	white_matter_power2	white_matter_derivative1_power2	csf_wm	tcompcor	std_dvars	dvars	framewise_displacement	rmsd	t_comp_cor_00	t_comp_cor_01	t_comp_cor_02	a_comp_cor_00	a_comp_cor_01	a_comp_cor_02	a_comp_cor_03	a_comp_cor_04	a_comp_cor_05	a_comp_cor_06	a_comp_cor_07	a_comp_cor_08	a_comp_cor_09	a_comp_cor_10	a_comp_cor_11	a_comp_cor_12	a_comp_cor_13	a_comp_cor_14	a_comp_cor_15	a_comp_cor_16	a_comp_cor_17	a_comp_cor_18	a_comp_cor_19	a_comp_cor_20	a_comp_cor_21	a_comp_cor_22	a_comp_cor_23	a_comp_cor_24	a_comp_cor_25	a_comp_cor_26	a_comp_cor_27	a_comp_cor_28	a_comp_cor_29	a_comp_cor_30	a_comp_cor_31	a_comp_cor_32	a_comp_cor_33	a_comp_cor_34	a_comp_cor_35	a_comp_cor_36	a_comp_cor_37	a_comp_cor_38	a_comp_cor_39	a_comp_cor_40	a_comp_cor_41	a_comp_cor_42	a_comp_cor_43	a_comp_cor_44	a_comp_cor_45	a_comp_cor_46	a_comp_cor_47	a_comp_cor_48	a_comp_cor_49	a_comp_cor_50	a_comp_cor_51	trans_x	trans_x_derivative1	trans_x_derivative1_power2	trans_x_power2	trans_y	trans_y_derivative1	trans_y_derivative1_power2	trans_y_power2	trans_z	trans_z_derivative1	trans_z_power2	trans_z_derivative1_power2	rot_x	rot_x_derivative1	rot_x_derivative1_power2	rot_x_power2	rot_y	rot_y_derivative1	rot_y_power2	rot_y_derivative1_power2	rot_z	rot_z_derivative1	rot_z_derivative1_power2	rot_z_power2	motion_outlier00	motion_outlier01	motion_outlier02	motion_outlier03	motion_outlier04	motion_outlier05	motion_outlier06	motion_outlier07	motion_outlier08	motion_outlier09	motion_outlier10	motion_outlier11	motion_outlier12
9395.277147052144	n/a	88271232.66992027	n/a	10341.466863832171	n/a	n/a	106945936.8957388	7116.277746870504	n/a	50641408.97060434	n/a	7124.462357481065	13819.905294763503	n/a	n/a	n/a	n/a	-0.24255467	-0.0527414835	0.0673274196	-0.7520251763	0.09987794259999999	-0.1371060335	0.0127275846	0.1348136472	-0.10239468460000001	0.0167633697	-0.0455480141	0.2512171467	-0.0703839371	0.10411539560000001	-0.173905182	-0.0373457816	0.16467494259999998	-0.08229808549999999	0.12274604480000001	-0.2291682088	0.0170999462	-0.11595815039999999	0.053770984699999996	-0.1257191412	0.08514461699999999	0.12027194529999999	-0.0691592313	0.0207484992	0.055604716500000005	0.048412522300000004	-0.068291307	-0.0987880436	0.0769577856	0.2689176991	-0.07129690799999999	0.12101838699999999	-0.1891980739	-0.029862638900000002	0.23627342629999998	-0.06993349900000001	0.0369200981	-0.2750318735	0.0506108672	-0.1318531265	0.0056548552	-0.1613520398	0.1543157671	-0.05999527690000001	-0.0460600574	0.0492055322	0.05304958110000002	-0.0036966455	-0.0836057663	0.1322745838	0.0101521572	0.0	n/a	n/a	0.0	0.137447	n/a	n/a	0.018891677809	0.165964	n/a	0.027544049296	n/a	-0.000369158	n/a	n/a	1.3627762896400002e-07	-0.0	n/a	0.0	n/a	0.0	n/a	n/a	0.0	0.0	0.0	0.0	0.0	0.0	0.0	0.0	0.0	0.0	0.0	0.0	0.0	0.0
9297.360956890376	-97.9161901617681	86440920.76270953	9587.580295795533	9977.729390862483	-363.73747296968764	132304.94924237422	99555083.79728104	7101.691242161049	-14.586504709455767	50434018.49898694	212.76611963897525	7104.947713823033	13450.83312802832	0.7453159999999999	47.390644	0.06063695	0.049008	-0.24475973850000002	-0.0334460682	0.1016599484	-0.3783731602000001	0.0338287813	-0.0351177121	0.0516149671	0.0340740492	-0.1048355905	0.0103661782	-0.0660452617	0.244286251	-0.0174973728	0.07083275809999999	-0.19878650120000002	-0.048791971100000005	0.1656685748	-0.1053429498	0.11880719070000001	-0.1967439894	-0.0028066396000000003	-0.10820336650000001	0.0556728712	-0.1665935938	-0.032391937	0.1490993196	-0.1187127242	0.0082950998	0.0920556301	-0.0015359981	-0.13500602779999998	0.0366687054	-0.0305523123	0.2523480997	-0.0160989045	0.0795407381	-0.19668992510000002	-0.0493793929	0.20344192739999997	-0.0641511829	0.0359893844	-0.2012607569	0.023912972999999997	-0.1208525381	0.0331468215	-0.16820875079999995	0.1144363745	0.076604872	-0.130417144	0.0902035191	0.0411176644	0.050135676799999994	-0.0722975588	-0.0560480522	0.0205072002	0.0	0.0	0.0	0.0	0.185137	0.04768999999999998	0.0022743360999999984	0.034275708769	0.170052	0.004088000000000007	0.028917682704000008	1.671174400000007e-05	-0.00019197900000000005	0.00017717900000000002	3.1392398041e-08	3.6855936441000017e-08	-0.0	0.0	0.0	0.0	0.0	0.0	0.0	0.0	0.0	0.0	0.0	0.0	0.0	0.0	0.0	0.0	0.0	0.0	0.0	0.0	0.0
9264.803707037729	-32.55724985264714	85836587.72994004	1059.9745179676927	9832.450636973936	-145.27875388854773	21105.916331409222	96677085.52852917	7093.5951770523925	-8.096065108656148	50319092.53590097	65.5462702435995	7095.478579265207	13197.334846068368	0.6627970000000001	42.143692	0.05238774999999999	0.036912699999999986	-0.24679992969999998	-0.0951860693	0.098259485	-0.225985322	0.0196624572	0.032031208900000004	0.0773785062	-0.0316396183	-0.0640650185	0.09281880390000001	-0.000479916	0.255215812	0.0086684356	0.1061196331	-0.1468376977	-0.0251730912	0.2303666212	-0.1158267626	0.1260370858	-0.2157849085	0.0271651261	-0.06952789200000001	0.0807213943	-0.1659191424	0.08447198789999999	0.11753707669999999	-0.0600616685	0.021160325	-0.0239544071	0.0731182542	-0.1208873075	-0.0400284393	-0.0264736845	0.2604974698	0.012031951899999999	0.10551892140000001	-0.142406731	-0.0237513115	0.2563238577	-0.044063020700000004	0.0417203205	-0.2076997744	0.0453683516	-0.062354953399999996	0.0223982477	-0.1782316259	0.0595992487	-0.0476945088	-0.0676935709	-0.0120785652	-0.015274846100000001	-0.0085102726	-0.097154163	0.027404631000000002	-0.0894468433	0.0	0.0	0.0	0.0	0.17085999999999998	-0.014277000000000012	0.00020383272900000038	0.029193139599999994	0.204133	0.034080999999999965	0.041670281688999986	0.0011615145609999982	-0.000111384	8.059500000000002e-05	6.495554025000004e-09	1.2406395456e-08	-0.0	0.0	0.0	0.0	0.0	0.0	0.0	0.0	0.0	0.0	0.0	0.0	0.0	0.0	0.0	0.0	0.0	0.0	0.0	0.0	0.0
9252.15822708124	-12.645479956488998	85602431.85894707	159.908163329965	9743.347856040993	-89.10278093294254	7939.3055699839515	94932827.4438186	7099.037774110378	5.4425970579859495	50396337.31824604	29.621862735597315	7099.516567464358	13325.123728932842	1.689052	107.397728	0.28846976	0.208271	-0.12834193230000002	-0.3560430729	-0.0592499127	-0.12290719369999999	-0.0097359273	0.024227276699999998	-0.056265309900000005	-0.0812452784	0.0970660926	0.15372320539999998	-0.0372602025	0.1012295043	-0.0504255703	0.3696283375	0.0635251476	0.13225587949999998	0.1356013941	0.195550836	0.0001909239	0.0739539012	-0.1440795446	0.3241205144	0.3988843664	0.155441051	-0.2571675278	0.22738027719999998	-0.11604205	0.1450064632	0.0195794494	0.0055432018000000005	0.1037886333	0.3026881436	0.1013678117	0.1099659332	-0.0417735596	0.3582819732	0.0859265257	0.1368699276	0.0549951067	0.2239909696	0.0421263384	0.0542828579	-0.18661120829999997	0.285223648	-0.4133472182	-0.038779465299999996	0.23459594379999998	0.2371222743	-0.1473207758	-0.0724683307	0.0923639956	-0.11238875179999999	0.07171283219999999	-0.31327780239999997	-0.0200739923	-0.00219846	-0.00219846	4.8332263716000015e-06	4.8332263716000015e-06	-0.033158	-0.204018	0.041623344323999986	0.0010994529640000002	0.16633699999999998	-0.037796	0.027667997569	0.0014285376159999994	0.00015299200000000002	0.00026437600000000003	6.989466937600001e-08	2.3406552064000005e-08	0.00024683	0.00024683	6.092504890000001e-08	6.092504890000001e-08	0.00037794	0.00037794	1.428386436e-07	1.428386436e-07	1.0	0.0	0.0	0.0	0.0	0.0	0.0	0.0	0.0	0.0	0.0	0.0	0.0
9295.390069935944	43.23184285470416	86404276.55226375	1868.9922366138346	9677.349560666209	-65.99829537478399	4355.7749923772335	93651094.51932646	7084.160990946986	-14.876783163392249	50185336.94565499	221.31867729059104	7086.497661464098	14704.609861938692	2.112535	134.324768	1.00361749	0.551428	0.1744536392	0.050416469500000005	0.039154127999999996	-0.0427348567	0.052792586100000004	0.010026600600000001	-0.36873943509999996	0.041625054	0.1261773448	-0.020629393	-0.1552201168	-0.16587497939999998	-0.09039066130000001	0.0850853751	0.1232494023	-0.3039777373	0.1502871627	-0.0308983776	-0.0632264166	-0.1877014143	-0.0523862014	0.2883629993	-0.0679444832	-0.08147075990000001	0.24560099829999998	-0.13649689539999998	0.3824624942	0.31379975239999996	-0.0051356626	0.1290635218	0.0169336072	0.0993148785	-0.1949593714	-0.1594652615	-0.09855135820000001	0.09022908140000001	0.1158546822	-0.3051019625	0.1742134146	0.014785676499999999	-0.110191278	-0.1625696603	-0.0784899149	0.2913038514	0.0714495941	-0.0573519876	-0.1114662542	-0.2460915352	0.3715655596	-0.0947022585	0.272554693	-0.1797545405	-0.09453764869999999	-0.1093156003	0.2060157289	-0.00315355	-0.00095509	9.121969081e-07	9.9448776025e-06	-0.0965968	-0.06343880000000003	0.004024481345440002	0.009330941770240004	-0.159065	-0.325402	0.025301674225000004	0.10588646160399998	-0.00853508	-0.008688072	7.5482595077184e-05	7.284759060640001e-05	-0.00167509	-0.00192192	2.8059265081e-06	3.6937764864e-06	0.00204438	0.0016664400000000002	2.7770222736000005e-06	4.179489584400002e-06	0.0	1.0	0.0	0.0	0.0	0.0	0.0	0.0	0.0	0.0	0.0	0.0	0.0
9288.736268447043	-6.653801488901081	86280621.46476349	44.27307425370224	9597.182477719245	-80.167082946964	6426.761188225407	92105911.51064129	7079.018267814095	-5.142723132890751	50112499.63604568	26.447601221569663	7079.202118656335	14732.88612284359	1.155377	73.46419499999998	0.26679604999999995	0.14286300000000002	0.1796098433	0.0065950814	0.028376638500000002	0.0688838976	0.10628639460000001	0.0729985225	-0.32134006379999996	0.1030381577	0.1053687759	0.0367750847	-0.38679782079999997	-0.1912353121	-0.0565295651	0.0312521815	0.1360427284	-0.2212028534	0.2922274934	-0.0013166854	-0.1974902968	-0.0832558069	-0.0052643717	0.09505975609999999	0.060557487	0.0290758167	-0.22893443079999998	0.080929426	0.0094716296	-0.033478751200000004	-0.1324469274	-0.2919571461	-0.0064638954	-0.28241842899999997	0.045478593399999996	-0.1897841114	-0.0581103076	0.0313400096	0.1272222865	-0.21859707469999998	0.26924749929999997	0.1419962883	-0.1967027877	-0.0080933003	-0.0208135656	0.0964188432	-0.0652858458	0.0196720622	0.030496168900000002	0.2234127541	-0.0266272024	-0.141663648	-0.0080608195	0.2792113039	0.18367727039999998	0.2381929622	-0.09447185849999999	0.0423378	0.04549135	0.0020694629248225	0.0017924893088400004	-0.104272	-0.007675199999999994	5.8908695039999905e-05	0.010872649984	-0.148431	0.010634000000000005	0.022031761761000003	0.0001130819560000001	-0.0106842	-0.0021491200000000013	4.618716774400004e-06	0.00011415212964000004	-0.0012013700000000006	0.0004737199999999993	1.4432898769000014e-06	2.2441063839999934e-07	0.00348145	0.00143707	2.0651701849e-06	1.21204941025e-05	0.0	0.0	0.0	0.0	0.0	0.0	0.0	0.0	0.0	0.0	0.0	0.0	0.0
9257.49495296534	-31.241315481702262	85701212.80417874	976.0197930272493	9673.49124364243	76.30876592318418	5823.027756719315	93576432.84082676	7071.220538571623	-7.797729242472088	50002159.90511716	60.80458133890431	7072.313585941643	14639.419789640071	1.208062	76.81415599999998	0.3481834999999999	0.18865	0.16889393719999998	0.067265366	-0.0200084376	-0.0297216521	0.09179622050000001	0.0965362391	-0.2589267391	0.1542394272	0.12376312810000001	0.040153785	-0.0509646546	-0.1666775148	-0.051647520599999996	-0.0783004883	0.1641904574	-0.2808970591	0.1752849095	-0.204677091	-0.17379292629999998	-0.13143076210000001	-0.0787003313	0.0650827082	0.0298706392	-0.0225651075	0.0162744943	0.08967516	-0.10699030050000001	-0.0865942081	0.12392145800000001	-0.20232975179999999	0.0227371222	-0.0038798727	-0.0324212863	-0.16716515869999998	-0.061165068600000004	-0.07532571610000001	0.14798114880000002	-0.2816899271	0.2444034391	-0.1022727341	-0.24275777129999998	-0.0576934431	-0.0801673241	0.0599748871	0.0032903143	-0.0214471183	0.0860467236	0.0044609292	-0.09697127470000001	0.1329940743	0.015326856299999999	0.1277025184	0.1520404667	0.0237343495	0.10307617029999999	0.0311858	-0.011152000000000002	0.00012436710400000006	0.00097255412164	0.0437695	0.1480415	0.02191628572225	0.00191576913025	-0.204806	-0.056374999999999974	0.041945497636	0.0031781406249999982	-0.00893811	0.0017460900000000005	3.048830288100002e-06	7.988981037210001e-05	-0.0016542000000000002	-0.0004528299999999996	2.736377640000001e-06	2.0505500889999962e-07	0.00302807	-0.0004533800000000002	2.0555342440000016e-07	9.1692079249e-06	0.0	0.0	0.0	0.0	0.0	0.0	0.0	0.0	0.0	0.0	0.0	0.0	0.0
9259.344528875545	1.8495759102042941	85735461.10441749	3.4209310476080423	9622.989862279352	-50.501381363077606	2550.389519579001	92601933.88953118	7055.3643482999205	-15.856190271702873	49778166.08726157	251.4187699324448	7055.0431555916575	14563.788965271646	1.28567	81.74883299999998	0.2100021	0.110276	0.1427343659	-0.0705537698	-0.1878039437	0.0139127222	0.025042608900000003	-0.0199809433	-0.1247236647	0.1297449846	0.10750865820000001	0.0560688293	0.139697116	-0.12464804369999999	0.0226489112	-0.1251750781	0.1771513426	-0.0395874816	0.23187583899999997	-0.15155819550000002	-0.0868070907	0.08459404039999999	0.1655809573	0.030247506	0.1503455051	0.2012234654	-0.1188044272	-0.1399178062	-0.22329464670000002	-0.06815187519999999	0.18933047949999998	0.35026352909999997	-0.1487267182	-0.0572329821	0.0274543598	-0.1287148018	0.0177449335	-0.12094936390000001	0.1549692902	-0.0304703846	0.251592386	-0.0100960844	-0.1116443793	0.1267469515	0.18450671710000002	0.057974569800000014	-0.18675170649999998	0.1323969109	-0.07599219730000001	0.11255228810000001	-0.2364514656	0.23108585809999999	-0.0382860967	-0.19617194359999998	-0.3305171042	0.10975282210000001	0.1010098344	0.0245644	-0.0066214	4.384293795999999e-05	0.00060340974736	0.07502819999999999	0.031258699999999986	0.0009771063256899996	0.0056292307952399995	-0.109352	0.09545399999999997	0.011957859904	0.009111466115999995	-0.00830902	0.0006290900000000006	3.9575422810000073e-07	6.90398133604e-05	-0.00191534	-0.00026113999999999977	3.6685273156e-06	6.819409959999987e-08	0.00238494	-0.00064313	4.136161969e-07	5.6879388036e-06	0.0	0.0	0.0	0.0	0.0	0.0	0.0	0.0	0.0	0.0	0.0	0.0	0.0
9199.036285529732	-60.30824334581303	84622268.58249265	3637.084215457801	9491.234994916396	-131.75486736295534	17359.345073829954	90083541.72872564	7023.327450476087	-32.0368978238339	49327128.47661093	1026.3628221747729	7024.487268018746	13911.768521694317	1.2905950000000002	82.061996	0.40530551	0.206581	0.0830141802	-0.1486264297	-0.1576651275	0.1492054377	-0.010945264599999999	-0.1541973353	-0.0039101166	0.2235459787	0.0121712007	0.4203109853	0.1487868298	-0.0920527437	0.140291901	0.0173008922	0.3230215662	0.0238417958	0.067359822	-0.3550217816	-0.0088836368	0.030945014500000007	-0.0168906578	-0.12411965109999999	0.0122835452	-0.2811362618	0.1032867503	0.019170398600000003	-0.0706772678	-0.1279033825	-0.34169852770000003	0.2325915147	0.1467658576	0.0396397717	0.24926969899999998	-0.0960399566	0.1334803466	-0.0058956616	0.3289153294	0.0160211724	0.1781702288	-0.2912956912	-0.0790981303	0.06985967	-0.0113522831	-0.14741111880000002	0.1263030909	-0.2694432046	-0.0447791767	-0.08523230949999999	-0.0419604547	-0.2656055356	-0.3491883843	-0.1406082767	-0.0499963835	-0.0582728298	-0.16530578210000002	0.0100394	-0.014525	0.00021097562500000004	0.00010078955235999997	0.00489035	-0.07013784999999999	0.0049193180026224975	2.39155231225e-05	0.00446866	0.11382066	1.99689221956e-05	0.0129551426428356	-0.00509683	0.00321219	1.03181645961e-05	2.59776760489e-05	-0.00129084	0.0006245000000000001	1.6662679055999996e-06	3.900002500000001e-07	0.00208519	-0.00029975000000000016	8.985006250000008e-08	4.348017336099998e-06	0.0	0.0	0.0	0.0	0.0	0.0	0.0	0.0	0.0	0.0	0.0	0.0	0.0
9300.750419172571	101.71413364283943	86503958.35973875	10345.764982713405	9542.99426228296	51.759267366562206	2679.0217583232707	91068739.48996548	7059.50436557396	36.17691509787346	49836601.8875578	1308.769185998745	7059.095858011018	14287.983218009309	1.628483	103.546516	0.62305639	0.395591	0.1247295049	-0.1219705883	0.0720311037	0.133265729	-0.1348666135	-0.4125023939	0.10792322300000001	0.2843726518	0.0561467484	0.3561308724	-0.1761853809	-0.18664995059999998	0.08744290710000001	0.1570313663	0.175031215	-0.1126102123	0.0260858848	0.21687100039999999	0.041496562599999995	0.0512640229	0.3118261749	-0.4455256642	0.1254850299	-0.3097034021	-0.1464656495	-0.037090964	0.0459779684	0.1371164909	0.29670881179999997	0.0451347194	0.1035585539	0.09069409789999999	-0.1441453569	-0.1871365279	0.0873333889	0.14843268140000002	0.191545611	-0.109316655	-0.054557135	0.20913315219999998	0.093069981	-0.0087758361	0.3456903268	-0.42266915060000004	-0.0467378797	-0.31471345030000003	-0.1213282708	0.145615734	0.0650997323	0.1910967779	0.1909037821	-0.19451880370000002	0.1095851693	-0.06326051099999999	0.0739993998	0.0165977	0.0065583	4.3011298890000015e-05	0.00027548364529	-0.298269	-0.30315935	0.0919055914924225	0.08896439636100001	0.0344807	0.03001204	0.0011889186724899994	0.0009007225449615998	-0.00971648	-0.00461965	2.1341166122499994e-05	9.44099835904e-05	-0.000571656	0.0007191839999999999	3.2679058233600005e-07	5.172256258559997e-07	0.00175749	-0.0003276999999999998	1.0738728999999983e-07	3.0887711001e-06	0.0	0.0	1.0	0.0	0.0	0.0	0.0	0.0	0.0	0.0	0.0	0.0	0.0
9362.133000189262	61.38258101669089	87649534.3132328	3767.821252270621	9670.928102853362	127.93384057040385	16367.067563093507	93526850.37055892	7103.476356285004	43.971990711043865	50459376.34430008	1933.5359670921287	7103.77979980723	14746.870855982084	1.306792	83.09191899999998	0.37988969	0.223077	0.1283905461	-0.0015519312	0.0801294227	-0.0282180452	-0.3642998508	-0.23463791579999999	0.1394415456	0.0933166963	0.1332806842	-0.161865968	0.09209557619999999	-0.14851625529999998	-0.0954713519	0.0707757963	0.0218498948	-0.0621135039	0.031091717	0.38397713920000004	0.0594653528	0.0483114896	0.5000548732	0.0954781679	-0.2005960844	0.004865053	0.0010118885	0.3541715642	0.0753851381	-0.1074855069	-0.2893233389	-0.0070753488	-0.1162264743	-0.10485216539999999	0.0747213249	-0.148743391	-0.0987041279	0.0820389034	0.026307767200000002	-0.0387323885	-0.1052503525	0.367631396	0.13593458419999999	-0.051304924800000005	0.5026852196	0.1244765597	0.1476610742	0.0381900704	0.3271643212	0.0339868429	0.1306364695	-0.2383443883	-0.1994628331	0.1737813345	-0.09792194050000001	0.059182574400000014	-0.17627999100000002	0.00655076	-0.01004694	0.00010094100336360003	4.29124565776e-05	-0.138941	0.159328	0.025385411584	0.019304601481	-0.117499	-0.1519797	0.013806015001000002	0.023097829212090002	-0.00956129	0.00015518999999999952	2.4083936099999845e-08	9.14182664641e-05	-0.000986897	-0.000415241	9.73965688609e-07	1.72425088081e-07	0.00115722	-0.00060027	3.603240729e-07	1.3391581284e-06	0.0	0.0	0.0	0.0	0.0	0.0	0.0	0.0	0.0	0.0	0.0	0.0	0.0
9454.956680246012	92.82368005675016	89396205.8253287	8616.235579277918	9655.84247148051	-15.085631372852733	227.57627391759857	93235293.83404684	7157.901070612214	54.4247143272105	51235547.73667149	2962.0495295984715	7157.1163461533215	15542.700120668509	1.815729	115.452431	0.12694864	0.08600059999999997	0.2041855442	0.12190663189999999	0.053135363600000006	-0.0067353993	-0.1880939156	-0.1668994192	-0.0379413926	0.080584185	-0.1047848191	-0.1894028918	-0.0167729338	-0.1758344107	-0.3012779894	-0.012267373400000002	-0.107568184	-0.15759359369999998	-0.0088032944	0.028124048399999997	0.0427954913	-0.052934275	-0.2791223482	-0.2874919896	-0.2444980475	0.1600775865	-0.11015703630000001	0.0879964919	-0.0413566738	-0.031191349900000002	0.0851904719	0.0246351096	0.2884365366	0.1275709232	0.26759474829999996	-0.17311846649999998	-0.30211770039999997	0.006620384	-0.11379692599999999	-0.1594021092	-0.0164113391	0.0147289152	0.0529106566	-0.049551198600000006	-0.2182636346	-0.3152620503	0.1896801327	0.266150523	0.1026045505	0.111522045	-0.0176591955	0.0769720576	-0.0617869132	-0.2090079648	0.2215163011	-0.11698350800000001	-0.23583031079999997	0.014880700000000004	0.008329940000000001	6.938790040360002e-05	0.0002214352324900001	-0.133384	0.005557000000000006	3.0880249000000065e-05	0.017791291456000002	-0.198763	-0.08126400000000003	0.03950673016900001	0.006603837696000003	-0.00962343	-6.214000000000046e-05	3.861379600000057e-09	9.261040496490003e-05	-0.000916863	7.003399999999996e-05	8.406377607690002e-07	4.904761155999994e-09	0.001661	0.0005037799999999999	2.537942883999999e-07	2.7589210000000003e-06	0.0	0.0	0.0	1.0	0.0	0.0	0.0	0.0	0.0	0.0	0.0	0.0	0.0
9379.350308169644	-75.60637207636864	87972212.20336199	5716.323498550295	9597.875696165342	-57.96677531516798	3360.1470404391675	92119217.87904134	7149.163465676077	-8.737604936137357	51110538.25895758	76.34574002001195	7147.330804025585	15124.365918233409	1.287365	81.85659799999998	0.3024549	0.201378	0.1573735168	0.0355042877	-0.1263405956	0.0380550604	-0.08408407970000001	0.008941898	-0.0572345745	0.0950653918	-0.09696900359999999	-0.1348447407	0.0598423228	-0.0944997908	-0.3052659721	-0.0391393208	-0.1309658217	0.0137196771	0.0434334156	0.0190827051	0.039184886099999997	0.0689915898	0.047530324699999994	0.065974971	-0.1015799366	0.120787928	0.0471656094	-0.1414783358	-0.045105574800000006	-0.0963109579	0.08895672519999999	0.2654133983	0.08468992980000001	-0.1173654398	-0.0347262625	-0.09548409570000001	-0.2987226361	-0.0267281802	-0.13612394220000001	0.019582461699999998	0.0156653556	0.0466137925	0.0592687088	0.0785945468	0.0428054324	0.0681657509	0.0174580715	0.1492601461	-0.1071102801	-0.0460343807	-0.049028320199999996	0.10077539199999999	-0.12043717640000001	-0.2504383325	-0.1021068032	0.1334089155	0.0876510376	0.0140418	-0.0008389000000000018	7.03753210000003e-07	0.00019717214724000002	-0.0264683	0.10691569999999999	0.01143096690649	0.0007005709048899999	-0.17082999999999998	0.02793300000000004	0.029182888899999995	0.0007802524890000022	-0.00637143	0.0032520000000000005	1.0575504000000003e-05	4.05951202449e-05	-0.000984619	-6.775599999999987e-05	9.69474575161e-07	4.590875535999983e-09	0.00164541	-1.5590000000000005e-05	2.430481000000001e-10	2.7073740681e-06	0.0	0.0	0.0	0.0	0.0	0.0	0.0	0.0	0.0	0.0	0.0	0.0	0.0
9374.625443710247	-4.7248644593964855	87883602.20985955	22.324344159668044	9670.737659768809	72.86196360346729	5308.865740152994	93523166.88407071	7155.191679808911	6.028214132834363	51196767.97480667	36.339365631303956	7154.158944622121	15027.514921327707	0.975446	62.023384	0.35356596999999995	0.180753	0.1715894783	0.0337078767	-0.059285407699999994	-0.0277825239	-0.0503245607	0.0131154923	-0.2269528391	0.0455330611	0.0297821643	-0.066740181	-0.0578143766	-0.13682832150000002	-0.3110050455	0.0382386268	-0.0721707553	0.0699633459	-0.0318294298	0.0747025422	-0.0419488652	-0.09420243460000001	-0.058941611399999996	-0.1846873086	0.1126152115	-0.0800450382	-0.013548303999999999	-0.08170119099999999	-0.0219559679	-0.23929311329999997	-0.080775293	-0.1420220974	0.12848929779999999	0.0398227904	-0.19274876370000002	-0.1339691942	-0.3054512738	0.051262071	-0.0768190153	0.0682131903	-0.0444470877	0.0467247981	-0.050761386900000004	-0.08334766240000001	-0.062062989900000004	-0.1856325571	-0.0989429075	-0.0627370516	-0.1224900799	0.00031043060000000004	-0.0166805329	0.0031751140999999997	-0.2359954259	0.14528551779999999	0.18241909309999998	-0.0516300158	0.2350642713	-0.00416642	-0.01820822	0.0003315392755684	1.73590556164e-05	-0.140682	-0.11421369999999999	0.01304476926769	0.019791425124	-0.252417	-0.08158700000000002	0.063714341889	0.006656438569000003	-0.00848113	-0.0021097	4.45083409e-06	7.19295660769e-05	-0.00111879	-0.00013417100000000001	1.2516910641e-06	1.8001857240999997e-08	0.00109814	-0.0005472699999999999	2.995044528999999e-07	1.2059114596000002e-06	0.0	0.0	0.0	0.0	0.0	0.0	0.0	0.0	0.0	0.0	0.0	0.0	0.0
9350.159464698356	-24.46597901189125	87425482.01528825	598.5841290103033	9616.387812956822	-54.349846811986936	2953.9058484864468	92474914.5691845	7137.14380469278	-18.047875116131767	50938821.68886453	325.72579620748814	7136.434515838849	14880.416098989417	0.954336	60.681099	0.32701683	0.183781	0.137866787	0.0074536922	-0.20438427480000002	0.0167024694	-0.0725752881	0.0356239077	-0.1243610017	0.0954789591	0.00268126	-0.05519337480000002	0.1459509394	-0.08909291	-0.2693152329	-0.0790539752	-0.059534581100000004	0.19777988370000002	0.0339874327	-0.048558168	0.0099673484	0.027647665699999997	0.033028911800000005	0.0568325634	0.0798453918	0.1012093449	0.043357110899999995	-0.0684432166	-0.1256339775	-0.1762872423	-0.0797069161	-0.0657480837	-0.15513564119999998	-0.1318637482	-0.0363730284	-0.0920017402	-0.26689382079999996	-0.0697114654	-0.0714176441	0.1920200463	0.044059508899999995	-0.0326236061	-0.0018334008999999999	0.0383806931	0.0097189239	0.0595451504	-0.08473762800000001	0.052826068	-0.0622135325	-0.0697381695	-0.1533141553	0.0084112388	-0.13293944259999999	0.1895805314	-0.0975389624	0.1119516454	0.0086744461	-0.0108218	-0.00665538	4.42940829444e-05	0.00011711135523999997	-0.0192264	0.12145560000000001	0.014751462771360002	0.00036965445695999997	-0.194729	0.057688000000000024	0.037919383441	0.003327905344000002	-0.00607914	0.00240199	5.7695559600999974e-06	3.69559431396e-05	-0.00138621	-0.00026742	1.9215781641e-06	7.151345639999999e-08	0.000943193	-0.000154947	2.4008572809000003e-08	8.896130352490001e-07	0.0	0.0	0.0	0.0	0.0	0.0	0.0	0.0	0.0	0.0	0.0	0.0	0.0
9305.1811289555	-44.978335742855045	86586395.84266956	2023.0506861969925	9607.630542574308	-8.757270382513525	76.6897845524486	92306564.6426067	7119.866853769085	-17.27695092369504	50692504.01539969	298.49303321976686	7118.8072054937265	14752.123802405957	1.048462	66.666069	0.193564148	0.0948428	0.1604956771	0.074585711	0.0030860611	0.030200078199999997	-0.05110179769999999	-0.0201768931	-0.11713566759999999	0.091062103	-0.0230225035	-0.1518420525	0.0434062417	-0.1346913955	-0.2197563548	-0.0438538868	-0.0583743113	0.0073180826	-0.0700223933	-0.026105452799999998	0.1790409002	-0.0724702085	-0.023427175	-0.1120628093	-0.025268335299999996	0.0936743481	0.1667707962	0.1463675242	0.0676291678	0.0026994278	0.0453784534	0.359811965	-0.1417340322	0.22443727989999998	-0.0668822641	-0.1352512634	-0.2188541473	-0.0370366012	-0.0700470184	0.0107844447	-0.0318030724	-0.0955228378	0.1409907607	-0.10500966519999999	-0.0023006176000000002	-0.108096481	-0.011174214299999999	0.0807702635	0.1355785419	-0.1458985925	0.0799099592	0.0512535905	-0.0500104883	-0.21459693219999998	-0.30474135	-0.2099729172	-0.0311911256	0.000631498	0.011453298	0.00013117803507680398	3.98789724004e-07	-0.0660789	-0.046852499999999984	0.002195156756249999	0.00436642102521	-0.143286	0.05144299999999999	0.020530877796	0.0026463822489999986	-0.00711989	-0.00104075	1.0831605625e-06	5.069283361210001e-05	-0.00151056	-0.00012435000000000007	2.2817915136e-06	1.5462922500000018e-08	0.0014544	0.000511207	2.61332596849e-07	2.11527936e-06	0.0	0.0	0.0	0.0	0.0	0.0	0.0	0.0	0.0	0.0	0.0	0.0	0.0
9289.424187676852	-15.75694127864881	86293401.73859574	248.2811984587868	9671.21455273584	63.58401016153221	4042.926348221831	93532390.92504951	7106.627261565456	-13.23959220362849	50504151.03482533	175.28680171838033	7106.677450502608	14203.646361458994	1.487424	94.577301	0.369943968	0.207185	0.1009315566	-0.2697624382	-0.2039657693	-0.0383624236	-0.0386445438	-0.0313677115	-0.1150072707	-0.0308589615	0.1578731862	0.184961622	0.2342541346	-0.1197998362	-0.1174247351	0.133682265	0.056543119100000004	0.28598739489999997	0.014367821000000001	-0.12730266839999999	-0.0551375599	0.0633791299	0.1416824274	-0.1615343584	0.0499645654	0.2227282538	0.2767747102	0.0439918713	-0.2130231569	0.4582971576	-0.0694601217	-0.19272248190000002	0.1152749693	-0.08690686369999999	0.0457146228	-0.1154693049	-0.1095414399	0.1361674049	0.0552198929	0.2948519038	0.0594027369	-0.10616441869999999	-0.0609575392	0.09663568410000001	0.1648707167	-0.12458525390000001	-0.10267241769999999	0.1345521543	0.0944383389	-0.3006986502	-0.2260372605	-0.27012877609999997	0.3469211059	-0.04723455519999999	0.202243599	0.12306061310000001	0.057507360099999995	-0.00705482	-0.007686318	5.9079484397123996e-05	4.97704852324e-05	-0.167461	-0.1013821	0.01027833020041	0.028043186521	0.0333732	0.17665920000000002	0.00111377047824	0.03120847294464	-0.00649102	0.0006288700000000001	3.9547747690000014e-07	4.21333406404e-05	-0.000843503	0.000667057	7.11497311009e-07	4.44965041249e-07	0.001066	-0.00038839999999999985	1.5085455999999992e-07	1.1363560000000003e-06	0.0	0.0	0.0	0.0	0.0	0.0	0.0	0.0	0.0	0.0	0.0	0.0	0.0
9272.850857176578	-16.573330500274096	85985763.01944041	274.6752838713156	9533.572952599721	-137.64160013611945	18945.2100880314	90889013.24254096	7097.563077464788	-9.064184100668172	50375401.63859143	82.15943341080569	7096.570627364485	14360.101389161111	1.273118	80.95074499999998	0.28540913	0.168603	0.11064341679999999	-0.0338901743	-0.1441069069	0.1078232993	-0.1857599655	-0.028822953	-0.4174875883	-0.199595207	0.0274765395	-0.10175444119999999	0.1460329025	-0.1138026895	-0.1293766091	0.0905689193	0.1313312797	0.101313161	-0.038042592400000005	0.083431293	0.08431499740000001	-0.0009310344	-0.0305560013	0.0685464829	-0.0724287191	-0.1038001834	0.1153234217	-0.2835333402	-0.0946395609	0.09781728869999999	-0.0002595389	-0.1858459885	-0.2722632345	0.2405062345	-0.11604189289999994	-0.11431893679999999	-0.1337985448	0.0881973135	0.134668998	0.0988733582	-0.0623925671	0.0359611376	0.1066467636	-0.0259641798	-0.063060739	0.0870363134	0.1386780148	-0.0645864879	-0.26956240260000003	-0.15282087689999999	-0.1224080166	0.0348614581	0.2206644657	0.2380004601	-0.0880189563	-0.2532492469	-0.1592633971	-0.0151102	-0.008055380000000001	6.488914694440003e-05	0.00022831814404	-0.13061199999999998	0.03684900000000002	0.0013578488010000016	0.017059494543999996	-0.08849169999999999	-0.12186489999999998	0.007830780968889998	0.014851053852009998	-0.00451026	0.00198076	3.9234101776e-06	2.03424452676e-05	-0.0007330539999999999	0.0001104490000000001	5.373681669159998e-07	1.219898160100002e-08	0.0007844119999999997	-0.00028158800000000037	7.92918017440002e-08	6.153021857439996e-07	0.0	0.0	0.0	0.0	0.0	0.0	0.0	0.0	0.0	0.0	0.0	0.0	0.0
9344.376124611916	71.52526743533781	87317365.1582172	5115.863881696595	9671.158056055918	137.58510345619652	18929.6606930523	93531298.14521527	7123.9540552441895	26.390977779401513	50750721.38123013	696.4837081528642	7124.146950431654	14411.46043634345	1.056318	67.165588	0.3394939100000001	0.224759	0.1081503214	0.0823383822	-0.0295742832	-0.0268022767	-0.1280383825	-0.0500713634	-0.11829847619999999	-0.0073063728000000005	-0.1504791742	-0.0580267057	-0.1490414309	-0.0585969572	-0.1675651849	-0.0439557517	-0.0467820599	-0.10693453900000001	-0.07314872389999999	-0.0350056683	-0.0039281598	0.09658008859999999	-0.144552533	0.0605767419	0.021863707599999997	-0.0652881926	-0.06416969139999999	0.10942756640000001	0.17236881980000002	-0.0782640628	0.0346920056	-0.0520401083	-0.1369148378	0.08581317990000001	0.1311910197	-0.0585423657	-0.17009657190000002	-0.0334694556	-0.0500825115	-0.1110844585	-0.05720236030000001	-0.056899745999999994	0.016687773899999998	0.0821025482	-0.1330273834	0.035237744	0.0125764642	-0.075196476	0.1059906851	0.0745394541	0.1613115761	0.0683258125	-0.007488469300000002	0.13656687439999998	-0.073235273	-0.10741506220000001	-0.0947933831	-0.008419539999999998	0.006690660000000003	4.476493123560004e-05	7.088865381159997e-05	0.068315	0.198927	0.03957195132899999	0.004666939225	-0.08030719999999998	0.008184500000000011	0.006449246371839997	6.698604025000019e-05	-0.00673593	-0.00222567	4.9536069488999984e-06	4.53727529649e-05	-0.000642931	9.01229999999999e-05	4.1336027076100004e-07	8.122155128999981e-09	0.00058637	-0.00019804199999999973	3.9220633763999885e-08	3.438297769e-07	0.0	0.0	0.0	0.0	0.0	0.0	0.0	0.0	0.0	0.0	0.0	0.0	0.0
9321.308385935414	-23.067738676501907	86886790.02570987	532.1205676473818	9610.173181217306	-60.984874838612086	3719.1549590811815	92355428.57298836	7104.671149662387	-19.28290558180288	50476352.14484506	371.83044767672476	7104.7957194926075	14279.542090794384	1.3382969999999998	85.0951	0.34922311	0.19825	-0.074243571	0.1245407215	-0.2101774696	0.019498211799999998	-0.0367784364	0.0606755118	-0.041597691299999996	0.045345562400000004	-0.1441343752	-0.0838259665	0.0677036335	0.0872763914	-0.0834699078	-0.1269407522	0.0714556755	0.11034354630000001	0.041705304	-0.0249527577	0.0346772412	0.0189438397	-0.123321554	-0.0885530982	-0.0724736771	0.0017050104	0.0850847851	-0.0749968983	0.046757186900000004	0.122834784	-0.046673884400000004	-0.1321441554	-0.15475454730000002	-0.2067883235	0.2576951624	0.0809621505	-0.0877044839	-0.1331948809	0.062122375199999996	0.1092193988	0.0449272713	-0.0211322836	0.0454345746	0.0162832644	-0.1152591833	-0.1087257302	0.08761639289999999	0.0321797953	-0.0481645969	-0.0926024448	0.0345415291	-0.0798694211	0.152629319	0.1656928143	-0.0583236937	0.2128035812	-0.0748354824	-0.015799	-0.0073794600000000035	5.445642989160004e-05	0.00024960840100000004	0.168902	0.100587	0.010117744569	0.028527885604	-0.0233827	0.056924499999999975	0.00054675065929	0.003240398700249998	-0.00360976	0.00312617	9.7729388689e-06	1.30303672576e-05	-0.000483047	0.00015988400000000006	2.3333440420899998e-07	2.556289345600002e-08	0.000185781	-0.000400589	1.6047154692100002e-07	3.4514579961e-08	0.0	0.0	0.0	0.0	0.0	0.0	0.0	0.0	0.0	0.0	0.0	0.0	0.0
9259.361304369186	-61.94708156622801	85735771.76484942	3837.440914572906	9710.415101901826	100.24192068452066	10048.442662521733	94292161.45124306	7084.606541123883	-20.064608538503307	50191649.84253532	402.58851580337983	7085.732777401351	13457.925085718018	1.499187	95.32524900000004	0.518567235	0.307541	-0.0546572985	-0.1408475122	0.1476259718	-0.0723849687	-0.0096477957	-0.0883898162	0.0662273948	-0.12309533199999999	0.0252895768	0.0777024118	-0.1936867122	0.0247806813	0.0800018611	0.1722802987	-0.0212436194	-0.0842749827	-0.24998174120000002	-0.0778239871	-0.1229302784	0.09868532320000001	-0.1692439221	-0.2606890258	0.0949797601	0.0828725075	-0.1603664466	0.0197174642	0.06644398509999999	0.007065244100000001	-0.3022006541	-0.024330278700000003	-0.0042498171999999996	-0.0507370714	-0.24416617629999998	0.0304985891	0.0835724011	0.17359387059999998	-0.005719835	-0.0931853933	-0.21018322739999998	-0.1434257759	-0.1035178635	0.1175412349	-0.135410738	-0.2836664545	-0.1200721799	0.060393942400000004	0.0011803051	0.15097503210000002	0.0461856664	-0.2691335595	-0.038686530499999996	0.1061821663	-0.0568305359	-0.028622196800000006	0.1910160057	0.00313564	0.01893464	0.0003585205919296	9.8322382096e-06	0.0622455	-0.1066565	0.011375608992249998	0.003874502270250001	0.245197	0.2685797	0.060121568808999985	0.07213505525208999	-0.00525791	-0.00164815	2.7163984225000005e-06	2.76456175681e-05	4.01649e-05	0.0005232119	1.61321919201e-09	2.7375069230160995e-07	-0.000130785	-0.000316566	1.0021403235599999e-07	1.7104716224999998e-08	0.0	0.0	0.0	0.0	1.0	0.0	0.0	0.0	0.0	0.0	0.0	0.0	0.0
9279.05950760718	19.69820323799468	86100945.34571521	388.019210805344	9577.34963716454	-133.06546473728486	17706.4179057496	91725626.07249576	7083.585281848604	-1.02125927527959	50177180.44522216	1.0429705073445932	7083.7246617096325	13806.871016202493	1.238485	78.74861099999998	0.3898315070000001	0.243064	-0.0750832033	0.1082583269	0.1209029601	0.0541000915	-0.0545149999	0.0565220348	0.206283845	-0.0588309587	-0.1014140324	-0.07897051320000001	-0.08852783210000001	0.0917351166	0.0500420286	-0.1420989896	-0.0437043457	-0.18217535829999998	-0.1172800336	0.0510113883	-0.1356869168	0.1581578773	-0.0051164786	-0.017229629399999998	-0.0308703783	0.1546113917	-0.058404352199999995	-0.026087436800000002	-0.0838140207	0.30925068920000004	0.23632611010000001	0.0958815207	-0.1886782511	-0.0154352147	0.1927732575	0.088660646	0.0491098583	-0.1352324033	-0.047654845599999995	-0.18048377289999998	-0.1515928856	0.0381574419	-0.0727851538	0.1733177626	0.011441205900000001	-0.0228125562	-0.0232584313	0.139677463	0.0657598464	0.048401791799999996	-0.09017902800000001	0.0905293918	0.3774889907	-0.0802705969	-0.17986644350000006	0.050428215199999994	-0.05849783030000001	-0.000189722	-0.003325362	1.1058032431044e-05	3.5994437284e-08	0.289146	0.2269005	0.051483836900250005	0.08360540931600001	0.182527	-0.06266999999999998	0.033316105729	0.003927528899999997	-0.00661704	-0.00135913	1.8472343569e-06	4.37852183616e-05	-0.000242133	-0.0002822979	5.862838968899999e-08	7.969210434440997e-08	0.0001665	0.000297285	8.8378371225e-08	2.772225e-08	0.0	0.0	0.0	0.0	0.0	0.0	0.0	0.0	0.0	0.0	0.0	0.0	0.0
9278.276697213583	-0.7828103935971742	86086418.4700566	0.6127921123237624	9567.294015936142	-10.055621228399104	101.11551828903072	91533114.78736752	7074.173172363039	-9.412109485564542	50043926.07258095	88.58780496825403	7074.447254764787	13958.190950298442	1.0131629999999998	64.421585	0.24693822800000004	0.12599000000000002	-0.0046526371	0.17869418239999998	0.0983178835	0.06636770730000001	-0.027359594100000002	0.0456554787	0.1443201499	-0.048658489299999996	-0.1348264025	0.0969361309	-0.1498121711	0.0295129705	0.0659431138	-0.1118205696	-0.0126827004	-0.184681393	-0.20581092760000005	-0.08775476060000001	-0.0395699359	0.11726239869999999	-0.10805848679999999	-0.0065131549	-0.019830878	0.0083141441	-0.0741528071	0.1589054032	-0.0739078403	-0.0111476345	0.0382060271	-0.13015623880000002	0.0397722723	0.1466534262	-0.11735757599999999	0.0268297778	0.0617332735	-0.1075272688	-0.0134853603	-0.18621137559999998	-0.1661913248	-0.1465211385	-0.021845094300000003	0.1268872723	-0.0694670141	-0.024031426600000003	0.019910001299999997	0.0076076453	0.1762229791	0.07201818139999999	-0.0694918029	0.0235590327	0.015730416	0.0650521052	0.1263250314	-0.1457117171	-0.0620882646	-0.0127089	-0.012519178	0.00015672981779568402	0.00016151613921	0.211689	-0.07745700000000003	0.005999586849000004	0.044812232721	0.0921016	-0.0904254	0.00848270472256	0.008176752965159998	-0.00608886	0.0005281800000000005	2.789741124000005e-07	3.70742160996e-05	-0.0008318709999999998	-0.0005897379999999997	6.920093606409996e-07	3.4779090864399976e-07	0.000379315	0.000212815	4.5290224225000005e-08	1.4387986922500005e-07	0.0	0.0	0.0	0.0	0.0	0.0	0.0	0.0	0.0	0.0	0.0	0.0	0.0
9304.55414084989	26.277443636307	86574727.76000684	690.5040440592911	9645.96209611958	78.66808018343725	6188.666839747715	93044584.75977564	7084.898293307166	10.725120944126502	50195783.82650679	115.02821926614095	7085.622418907191	14085.995696767644	1.154308	73.39621700000002	0.07648375	0.038443300000000014	-0.046140428899999995	0.0507119096	-0.0281349512	-0.0086660933	0.0826825629	0.1078793803	0.10278612960000001	0.07771112620000001	-0.1669769954	-0.1025653069	-0.0191763077	0.0609503575	0.0454519737	-0.10717464730000001	-0.0352141975	-0.051516184000000007	-0.04412904559999999	-0.0317780042	-0.124647652	0.1526012617	0.0198131509	-0.1043158158	0.0787910254	-0.023463614100000002	0.0232942116	0.05856525360000001	0.26832527300000003	0.1483214117	-0.17392465399999998	0.051334251500000004	-0.2718335644	-0.09055222730000001	0.1429415681	0.057665687	0.0458132758	-0.10940469119999999	-0.0404758365	-0.0512352527	-0.027042155	-0.0306041877	-0.0736387651	0.1611158129	0.025512716499999998	-0.10029635099999999	-0.0716655418	-0.0518831058	0.0618928141	-0.0313008649	0.2686187111	-0.1867509902	0.1195787806	0.12498584880000001	-0.2485543924	0.12545325599999999	-0.1255267418	-0.00209005	0.01061885	0.00011275997532250002	4.3683090025e-06	0.214168	0.002479000000000009	6.145441000000043e-06	0.045867932224000006	0.115969	0.0238674	0.013448808961	0.0005696527827599999	-0.00611226	-2.339999999999981e-05	5.475599999999911e-10	3.73597223076e-05	-0.00030293	0.0005289409999999998	9.17665849e-08	2.797785814809997e-07	0.00014128600000000002	-0.000238029	5.6657804840999995e-08	1.9961733796000004e-08	0.0	0.0	0.0	0.0	0.0	0.0	0.0	0.0	0.0	0.0	0.0	0.0	0.0
9256.335907874676	-48.21823297521404	85679754.43941009	2324.99799125202	9586.161238285129	-59.800857834450646	3576.1425977361787	91894487.28640027	7074.686362744897	-10.211930562268208	50051187.13120863	104.2835258085875	7074.266563776465	13862.629374313467	0.863619	54.912872	0.18077245	0.101723	-0.0560867251	0.0648838029	-0.0368719722	0.040980275	0.034555349900000004	0.0791607686	0.026704597599999998	0.0191629335	-0.1211795873	-0.0252943863	0.0611614991	0.072921628	0.035404475299999995	-0.1091186509	0.007839836800000001	-0.0295925171	-0.0372758672	-0.12242918859999999	-0.024694441299999998	0.1504154458	0.0574841283	0.0702106294	-0.06174505860000001	-0.0199606702	0.0600428893	0.006412000300000001	0.0637911731	-0.093372728	0.0928614625	0.0621484449	-0.045156880700000006	0.1389458905	-0.0476185384	0.0693225266	0.034647567000000004	-0.11531457839999999	0.0030769821000000003	-0.0241726802	-0.005912485	-0.0968058044	-0.0122581547	0.15701348810000001	0.06474823360000001	0.0679385392	0.0583395161	-0.0090535946	0.0111249012	-0.051613611	0.0805673845	0.1421868539	-0.045762157000000005	-0.0206115198	-0.077008986	-0.1395775228	-0.05138083190000002	-0.00490575	-0.0028157000000000004	7.928166490000003e-06	2.4066383062500007e-05	0.163159	-0.051009	0.002601918081	0.026620859281	0.08748689999999999	-0.028482100000000014	0.007653957671609999	0.0008112300204100005	-0.00447371	0.00163855	2.6848461025e-06	2.00140811641e-05	-0.000395664	-9.273400000000002e-05	1.56550000896e-07	8.599594756000004e-09	0.000379315	0.000238029	5.6657804840999995e-08	1.4387986922500005e-07	0.0	0.0	0.0	0.0	0.0	0.0	0.0	0.0	0.0	0.0	0.0	0.0	0.0
9268.190535085178	11.854627210501347	85899355.79464246	140.532186299959	9607.991129145408	21.829890860279196	476.544134971701	92313493.53773686	7067.279969000689	-7.406393744208798	49946446.16023838	54.85466829425523	7067.222891002416	13903.951461245295	1.00389	63.831974	0.2717085	0.162487	0.0308466483	-0.0818210274	-0.010861341200000001	0.0211977054	0.009263336899999999	-0.0171822506	0.0438721972	0.06224741740000001	-0.013896144499999999	-0.024313043	0.0455767674	-0.0168590743	0.07311403009999999	-0.00047068690000000004	-0.011525464	0.08670477089999999	-0.0390124167	-0.0245679271	-0.0037039937	0.2388059213	0.1482187093	-0.0224420333	0.1716177579	-0.0522776058	0.051954664000000005	0.022541456	0.0959069727	-0.1901762316	0.0573734773	0.0332493089	0.09262975359999999	-0.016926721999999998	0.14915646	-0.017735233	0.07468630150000001	-0.0030157707	-0.0084577184	0.08986753800000001	-0.037819448900000004	-0.0195003341	0.04451500110000002	0.2124720738	0.1378174838	-0.0219632502	-0.14321128660000002	-0.13266559039999998	0.010876170400000001	-0.0315913906	0.1086401614	0.12570361289999998	-0.1595192087	0.0072838452	0.0361405078	0.002094313	0.1301463331	-0.0095085	-0.004602749999999999	2.1185307562499995e-05	9.041157225e-05	0.0231396	-0.1400194	0.01960543237636	0.00053544108816	0.0992079	0.01172100000000001	0.00984220742241	0.00013738184100000022	-0.00583484	-0.0013611300000000005	1.8526748769000009e-06	3.40453578256e-05	-0.000931632	-0.0005359680000000001	8.679381834239998e-07	2.87261697024e-07	0.0007895239999999999	0.0004102089999999999	1.682714236809999e-07	6.23348146576e-07	0.0	0.0	0.0	0.0	0.0	0.0	0.0	0.0	0.0	0.0	0.0	0.0	0.0
9270.312564050748	2.12202896557028	85938695.03519715	4.5030069307192715	9588.58909931254	-19.40202983286872	376.4387616355278	91941040.91545524	7070.6137713659045	3.333802365215888	49993579.10382918	11.114238210319051	7070.417107793624	13749.690101489408	1.164671	74.05516799999998	0.14445923000000002	0.08450499999999997	0.0225800423	-0.1893452841	-0.0794842677	0.055502545199999996	-0.066016554	-0.0439863683	0.0740671811	-0.011449221	0.09513811650000001	0.09580427130000001	0.07616556740000001	-0.017057202900000002	0.0426420321	0.09399606630000001	0.1087850473	0.129134243	-0.0544799309	-0.17700615890000002	-0.029918244500000007	0.1602501043	-0.0566330043	0.0259529688	-0.1611163848	-0.0420034047	0.169332525	0.1687866149	-0.1189896691	0.09217365109999999	-0.1958317909	0.022614256	0.0362810349	0.2168180913	0.04074606	-0.0159019424	0.0455285431	0.0858756006	0.1159306041	0.1242365075	-0.0111404932	-0.15641800220000002	-0.039015657599999996	0.1789945666	-0.0299702109	0.0052966109	0.1855072277	-0.0437982653	0.20062530399999998	-0.16502258960000002	-0.10281899230000001	-0.1891219064	-0.0055376902000000006	-0.0708157682	-0.0265243337	-0.1935196412	0.208414563	-0.007383019999999999	0.0021254800000000008	4.517665230400003e-06	5.450898432039998e-05	-0.00652155	-0.02966115	0.0008797838193225	4.25306144025e-05	0.113056	0.013848099999999988	0.012781659135999998	0.0001917698736099997	-0.00429816	0.0015366800000000006	2.361385422400001e-06	1.84741793856e-05	-0.000591111	0.000340521	3.49412214321e-07	1.1595455144100001e-07	0.000888813	9.928900000000013e-05	9.858305521000026e-09	7.89988548969e-07	0.0	0.0	0.0	0.0	0.0	0.0	0.0	0.0	0.0	0.0	0.0	0.0	0.0
9299.652947051542	29.340383000793732	86483544.93560442	860.858074633266	9644.559609068912	55.970509756372856	3132.697962388229	93017530.05288348	7099.4942622106555	28.880490844750966	50402818.77916202	834.0827514337443	7099.355766339775	13875.147140555293	1.213803	77.17922199999998	0.35738698	0.207699	0.015201481599999999	-0.1198908209	-0.0286408352	0.00088996	-0.2670701339	-0.07409074730000001	-0.1020952153	-0.2643474787	-0.0094012492	-0.15416950880000002	-0.13227954779999998	-0.0435957714	-0.0609350544	0.2657337425	0.09449930050000001	0.0762275724	-0.2795169284	0.1246345001	0.023658966400000002	-0.0148757859	-0.1159019959	-0.0013881610999999998	0.051055059900000005	-0.2855272983	0.018902269399999998	-0.1568127916	-0.021615034900000003	-0.0318003662	0.2132210584	-0.1232639227	-0.203170218	-0.1503557887	0.2894713741	-0.039702974700000004	-0.0631761274	0.2591325077	0.1119841156	0.0677550001	-0.3106736346	-0.0005775825	0.048258475099999996	-0.0672941488	-0.1287583314	-0.0139236779	0.042562563399999996	-0.2466693728	-0.12374526150000001	0.019245558899999998	-0.020993414	0.24887336570000002	0.1273862707	0.20740536910000001	-0.09096070880000001	0.1879289735	0.0485084313	-0.0104322	-0.003049180000000002	9.297498672400012e-06	0.00010883079684000003	-0.183653	-0.17713145000000002	0.03137555057910251	0.033728424409000014	0.0446245	-0.06843149999999999	0.00199134600025	0.004682870192249999	-0.00267842	0.0016197399999999995	2.623557667599999e-06	7.1739336964e-06	-0.000497016	9.4095e-05	2.47024904256e-07	8.853869024999998e-09	0.000427151	-0.0004616620000000001	2.1313180224400002e-07	1.8245797680099999e-07	0.0	0.0	0.0	0.0	0.0	0.0	0.0	0.0	0.0	0.0	0.0	0.0	0.0
9310.336678982509	10.683731930967042	86682369.07600705	114.14212797276475	9636.99566272646	-7.563946342452255	57.21328427149684	92871685.40340859	7099.861636133419	0.3673739227633632	50408035.25223911	0.13496359912654154	7099.8092966653685	13839.978365532776	1.071319	68.119446	0.4034678	0.272454	-0.044226153600000005	0.0397139251	0.046736563200000004	-0.0040395160999999995	-0.0755703804	-0.0626826735	0.08300243759999999	-0.1046326298	-0.0696594536	0.009045566	-0.1446808668	0.0586028338	-0.02447686	0.039881055299999996	-0.0127871335	-0.05943334400000001	-0.1473123247	-0.0344014985	-0.0493632269	0.037809274	0.0707343659	0.0088439864	0.13583618890000002	-0.0546698408	0.0317202327	-0.2565603429	-0.0072062961	-0.10224803630000001	0.0172745084	-0.09530865990000001	-0.0821035588	0.0761800175	0.1018575144	0.0588982559	-0.0228398581	0.041795693700000004	-0.005653196	-0.0609313516	-0.1393847288	-0.0682520179	-0.0335681419	0.055109735599999994	0.06284047059999999	0.0077783673	-0.0971296351	-0.0644281604	-0.2475495502	-0.0359044269	-0.024791689	0.0939883066	-0.0274864963	0.133834762	-0.026599143999999998	-0.045231762300000006	-0.0956750077	-0.00191824	0.008513960000000001	7.248751488160001e-05	3.6796446976e-06	0.081946	0.26559900000000003	0.07054282880100002	0.006715146916000001	0.08522769999999999	0.040603199999999985	0.007263760847289999	0.0016486198502399993	-0.00362449	-0.0009460700000000002	8.950484449000003e-07	1.31369277601e-05	-1.97471e-05	0.0004772689	3.8994795841e-10	2.2778560290721002e-07	7.54571e-05	-0.0003516939	1.2368859929720998e-07	5.69377394041e-09	0.0	0.0	0.0	0.0	0.0	0.0	0.0	0.0	0.0	0.0	0.0	0.0	0.0
9308.363429803689	-1.9732491788199693	86645629.74130669	3.8937123217136835	9634.43194482787	-2.5637178985907667	6.572649463554658	92822278.89951973	7104.777129463902	4.915493330483513	50477858.05935333	24.162074682027914	7103.68819429976	13924.522729490542	0.8882299999999999	56.477749	0.1574356	0.0827278	-0.1198825575	0.08711622150000001	-0.0482958038	-0.014323633200000001	-0.0206518732	0.113609011	0.0483329713	-0.012707260900000001	-0.0663902832	-0.0386047415	0.0284066662	0.1300391829	-0.0651528606	-0.051180642400000004	-0.0088589325	-0.0074388418	-0.0043650999	-0.056743925199999996	-0.042212933099999995	0.0508731333	0.1384063305	0.031898481299999996	-0.022831092999999997	0.043179882999999995	0.0318074223	-0.2118025495	-0.10545202880000001	-0.0905256098	0.0556204462	-0.0636729986	0.10783860599999999	0.0177253751	-0.1211038842	0.12760967369999998	-0.0628631925	-0.0542235892	-0.0098365567	-0.0017037472	-0.0020724575	-0.032181161	-0.0317641062	0.08436910980000001	0.1261092845	0.051157185599999995	-0.0001649649	0.0687328895	-0.1905275348	-0.0412415795	-0.10989569029999999	0.1089952367	-0.044827924299999995	0.0069916077	0.09967145460000001	-0.016611354499999998	-0.034621129	-0.00600515	-0.00408691	1.67028333481e-05	3.60618265225e-05	0.109811	0.027864999999999987	0.0007764582249999993	0.012058455720999998	0.0441969	-0.041030799999999985	0.0019533659696100002	0.0016835265486399994	-0.00244755	0.00117694	1.3851877636e-06	5.9905010025000015e-06	-0.000173019	-0.0001532719	2.9935574361e-08	2.349227532961e-08	0.000434303	0.00035884590000000003	1.2877037994681002e-07	1.8861909580900003e-07	0.0	0.0	0.0	0.0	0.0	0.0	0.0	0.0	0.0	0.0	0.0	0.0	0.0
9277.35549973944	-31.007930064248285	86069325.06854564	961.4917268693126	9624.166474571546	-10.26547025632317	105.37987958345569	92624580.33026692	7091.011364998488	-13.765764465414573	50282442.17853772	189.4962713172707	7091.307209424279	13921.599382333692	0.7616509999999999	48.429317	0.13331047	0.07492889999999999	-0.09365504599999999	0.0943483155	-0.0675597588	-0.0051754776	-0.0029133640000000003	0.08776582470000001	-0.0001250839	-0.006170903	-0.012933828799999998	0.0402525329	0.0062145104000000005	0.0991799011	-0.0323191814	-0.06878479059999999	-0.0056681863	-0.021052257400000003	-0.0205774905	-0.019229114199999998	-0.0409202265	0.0192519722	0.08143946269999999	0.0762503378	0.08600638529999999	0.0147768516	-0.0328112857	-0.0485625717	0.0572034271	-0.1364408616	0.0739275367	-0.0923875978	-0.11798425259999999	-0.0232413302	0.0091595548	0.0955429242	-0.0359589507	-0.0728653267	-0.0065430225	-0.0237412927	-0.010845228600000001	-0.01688854	-0.0328289694	0.0319634175	0.0593431543	0.09007624480000001	-0.0743222908	-0.0110807971	-0.0388530655	0.028024949900000002	0.046743559000000004	0.11684753269999999	-0.0474596042	0.1576778047	-0.017342852	0.040552011	-0.1433164267	-0.00666477	-0.0006596200000000005	4.3509854440000065e-07	4.441915915290001e-05	0.14799699999999996	0.03818599999999997	0.0014581705959999976	0.021903112008999987	0.0242065	-0.019990400000000002	0.0005859546422499999	0.00039961609216	-0.00369337	-0.00124582	1.5520674723999995e-06	1.36409819569e-05	-0.000380426	-0.000207407	1.44723941476e-07	4.3017663649e-08	0.000470565	3.626199999999996e-05	1.314932643999997e-09	2.21431419225e-07	0.0	0.0	0.0	0.0	0.0	0.0	0.0	0.0	0.0	0.0	0.0	0.0	0.0
9257.475575572664	-19.879924166776615	85700854.03232442	395.211384876789	9607.566861033665	-16.59961353788094	275.54716960700017	92305340.98923229	7074.771952474629	-16.239412523858846	50052398.17952167	263.71851912006355	7074.480679310824	13863.156000904475	0.8430120000000001	53.602608	0.13146270000000002	0.093839	-0.1194795267	0.1711079579	-0.06679484150000001	0.0129840598	0.0158911113	0.09257685980000001	0.0609791286	0.030901337400000006	-0.08982311800000001	-0.0166877146	0.1324921109	0.13039812609999998	0.0231481313	-0.1880966266	0.0654346814	-0.035191986200000004	-0.011448920800000002	-0.081814527	-0.0387001059	-0.0698149611	0.1280801068	0.09803862029999999	0.026404229700000004	0.0043741126000000005	0.0321029694	-0.11429534429999999	-0.1079473182	0.0314548857	-0.0527585779	-0.2093429711	0.033364967999999995	0.2322754217	0.0268202324	0.1248133423	0.019952227	-0.19021058649999997	0.057579228600000004	-0.032043357	0.0099061959	-0.0668247172	-0.0625313758	-0.034787056600000005	0.1302893796	0.1208422876	-0.0029228079	-0.005309670600000001	-0.115144624	-0.0357494069	-0.1376689565	-0.0244078979	0.0661910648	0.1048337778	0.1290220902	-0.2463754852	-0.1675925008	-0.00239972	0.00426505	1.8190651502500007e-05	5.758656078400002e-06	0.238681	0.09068400000000004	0.008223587856000008	0.056968619761	0.023636700000000004	-0.0005697999999999952	0.0005586935868900002	3.2467203999999465e-07	-0.00342458	0.0002687900000000001	7.224806410000004e-08	1.17277481764e-05	-5.216e-05	0.00032826599999999996	2.7206656e-09	1.0775856675599999e-07	0.000348744	-0.00012182099999999997	1.4840356040999996e-08	1.2162237753599998e-07	0.0	0.0	0.0	0.0	0.0	0.0	0.0	0.0	0.0	0.0	0.0	0.0	0.0
9275.788845802575	18.313270229911726	86040258.71191548	335.37586651377103	9616.887743484029	9.32088245036357	86.87884965349558	92484529.87077332	7067.937490952446	-6.834461522183119	49955740.37601116	46.7098642982016	7068.534287286971	13851.12116707442	0.8405749999999999	53.44766600000001	0.100266235	0.06501080000000001	-0.1226635258	0.1044198191	-0.1232902152	-0.0056092703	0.023528788	0.07616507900000001	0.0410951158	0.0375564444	-0.0463394087	0.0409590757	0.14414831820000001	0.11758455599999999	0.0394335542	-0.1564517344	0.1366937308	0.053587066600000004	0.028449747200000007	-0.08751937289999999	0.06271248360000001	-0.0277902166	0.0716450919	-0.037530517400000005	-0.1461764671	0.0001375183	-0.2617434427	0.043332349400000005	0.1027412305	0.0408165894	0.15223426539999999	-0.1494445157	0.0909570563	0.1247655683	0.0238934414	0.1107567547	0.0335104669	-0.1660365198	0.1271017226	0.060575473	0.06369699969999999	-0.0753905723	0.044030987	-0.0266256221	0.0863190072	-0.0212435096	0.1148674566	0.08230212769999999	0.005543053	0.2712339497	0.10801968640000001	0.1095630291	0.1089640572	0.0319825054	0.180973683	-0.12227335730000001	0.0729397328	-0.00271901	-0.00031928999999999985	1.019461040999999e-07	7.3930153801e-06	0.225442	-0.013238999999999999	0.000175271121	0.050824095363999996	0.011043	-0.012593700000000005	0.000121947849	0.00015860127969000008	-0.00222053	0.00120405	1.4497364024999997e-06	4.9307534809000006e-06	-8.03949e-05	-2.82349e-05	6.4633399460100006e-09	7.972095780099998e-10	0.000598744	0.00025	6.25e-08	3.5849437753600004e-07	0.0	0.0	0.0	0.0	0.0	0.0	0.0	0.0	0.0	0.0	0.0	0.0	0.0
9260.677746169471	-15.11109963310446	85760152.31839848	228.3453321216097	9572.625179532706	-44.26256395132259	1959.1745675449224	91635152.82782358	7059.481043794574	-8.45644715787148	49836272.60769493	71.51149853387264	7060.074931783475	13949.669593232864	1.305695	83.022148	0.309099195	0.193131	-0.045196907800000005	0.1430096225	0.006432716	0.0622697641	-0.14201434300000002	0.008622837900000001	0.0651183111	-0.0820440562	0.0871029418	0.1569937283	-0.0198459574	0.021240754599999998	0.06338452110000001	0.0815498674	0.2651798723	-0.009941153000000001	-0.29767681030000004	0.0144208998	0.057838273899999994	-0.3042759904	-0.07396023639999999	0.1036318009	-0.1313441772	0.0956858177	-0.2963000057	0.0102060228	-0.3055213763	0.0636318068	-0.086020956	0.2794409469	-0.1341728639	-0.2709860187	-0.1321955874	0.0195273701	0.0558954544	0.0655474561	0.2764137009	-0.0146334677	-0.2545599225	-0.1255135541	-0.020121251	-0.3096626669	-0.0789479461	0.0896907965	0.0721223214	0.1559222645	0.039390302599999996	0.3011517339	-0.2763975204	-0.1140421483	-0.0283378021	-0.1520756265	-0.2534685653	0.2476621967000001	-0.0051301361	-0.016906599999999997	-0.014187589999999996	0.0002012877100080999	0.00028583312355999984	0.0409222	-0.18451979999999998	0.034047556592040014	0.00167462645284	-0.0116697	-0.0227127	0.00013618189809	0.0005158667412900001	-0.00139808	0.0008224500000000003	6.764240025000003e-07	1.9546276864e-06	-0.0006995619999999999	-0.0006191670999999999	4.89386991844e-07	3.833678977224099e-07	0.000286779	-0.000311965	9.7322161225e-08	8.224219484100001e-08	0.0	0.0	0.0	0.0	0.0	0.0	0.0	0.0	0.0	0.0	0.0	0.0	0.0
9232.255160258335	-28.422585911135684	85234535.34411666	807.8433898758886	9474.756907205796	-97.8682723269103	9578.198728254276	89771018.45064394	7024.762627585737	-34.71841620883697	49347289.97392527	1205.3684240500336	7025.030209195257	14281.435167726006	1.984449	126.180481	0.8821771499999999	0.579471	0.1399676664	0.06145963860000001	0.27720092960000003	0.22021648829999999	0.4118027227	-0.3514984819	-0.1836432194	-0.1792765788	-0.5830899337	0.0794884129	0.0569226604	-0.1744957415	0.2328869114	-0.0418288784	-0.0655531607	-0.2878390638	0.0498852107	0.006264144399999999	0.7695805658	0.24806463239999998	-0.0740761946	0.050404246900000005	0.0935325658	0.1265745673	0.0312584742	-0.114036409	-0.1255838104	0.018233091200000003	-0.1046122885	-0.1537949011	0.0033123878000000002	-0.0937779218	-0.025854107999999997	-0.17813725670000002	0.2363572518	-0.0415256889	-0.0630852247	-0.280427175	0.1069944328	-0.1264522602	0.7960059956000001	0.0813789035	-0.0683581298	0.0731990153	-0.1195174834	0.0582174221	-0.0585212529	-0.0576647291	-0.167890944	-0.0938235254	0.004964954099999999	0.1068701794	0.0581521428	0.0956418424	0.08794474949999999	0.025249	0.0421556	0.00177709461136	0.000637512001	-0.041469699999999984	-0.08239189999999999	0.006788425185609999	0.0017197360180899993	0.118409	0.1300787	0.014020691280999998	0.016920468193690003	-0.0120786	-0.01068052	0.00011407350747040003	0.00014589257796	-0.00150007	-0.0008005080000000001	2.2502100049e-06	6.408130580640002e-07	0.00135677	0.001069991	1.144880740081e-06	1.8408248329e-06	0.0	0.0	0.0	0.0	0.0	1.0	0.0	0.0	0.0	0.0	0.0	0.0	0.0
9351.999178979251	119.74401872091585	87459888.64362858	14338.630019435044	9619.543137314693	144.78623010889714	20963.052429146515	92535610.1706582	7104.735658191763	79.97303060602553	50477268.77278154	6395.6856243122975	7104.425342530262	14247.755287089776	1.6807009999999998	106.866745	0.71462268	0.431688	-0.003791832	0.1255044371	0.0329374577	0.0237640132	0.33379258440000004	0.14861365140000002	0.046068419299999996	0.0832610491	0.07594484209999999	-0.09205152429999999	-0.0662483936	0.033228985600000004	-0.0512490387	-0.0399241582	-0.08832439710000001	-0.0800113419	-0.20598797649999998	-0.13778545960000002	0.0191090126	0.0124125855	-0.0227532334	-0.0060874247	0.11622724460000004	0.0518106987	-0.17928528100000002	0.1070390386	0.2339837784	0.0386591694	0.007307597099999999	0.0656169112	0.0852966211	-0.0733477695	0.1496670077	0.0342743374	-0.0443191878	-0.0430275424	-0.0920019113	-0.0780969516	-0.1119538891	-0.2132501594	-0.0103813771	0.0261113891	-0.0301189978	-0.0023116701	-0.1999619287	0.0287414379	0.0620946037	0.19746438079999998	0.2684845347	-0.0591918166	-0.0254133718	-0.0955631851	0.0669872745	0.09290319359999999	0.092568396	-0.00318768	-0.02843668	0.0008086447694223999	1.01613037824e-05	0.10874	0.15020970000000003	0.02256295397409	0.011824387600000002	0.056341599999999985	-0.0620674	0.0031743758905599987	0.00385236214276	-0.00452512	0.00755348	5.70550601104e-05	2.04767110144e-05	-0.000422264	0.0010778060000000002	1.78306885696e-07	1.1616657736360005e-06	0.0005098780000000001	-0.0008468919999999999	7.172260596639999e-07	2.5997557488400013e-07	0.0	0.0	0.0	0.0	0.0	0.0	1.0	0.0	0.0	0.0	0.0	0.0	0.0
9335.746354125022	-16.252824854229402	87156159.98855864	264.154315742257	9647.773095276329	28.22995796163559	796.9305265157127	93079525.6979378	7100.458635998823	-4.277022192939511	50416512.84153027	18.292918838897116	7101.220110381301	14266.958734925342	1.040467	66.157692	0.13646241999999995	0.0826179	-0.0620656401	0.0771618466	-0.1203027388	-0.0158410582	0.17203092739999998	0.2509877841	0.0251544062	0.058799623899999987	0.18079729390000002	-0.0453242092	0.1690131239	0.08118609480000001	-0.0773517364	-0.0364856724	0.0350942842	0.09916064029999999	-0.14209329140000002	-0.010898158100000001	0.0687809679	-0.059869051799999996	0.1810214501	0.1386004939	0.2546892313	0.0676087794	0.0034356273	-0.060619637000000004	0.2806082041	0.0238920725	-0.0254777779	0.1124529061	0.1617176503	-0.0789924402	0.0801362513	0.0818603474	-0.0736286083	-0.0444342372	0.025161708799999998	0.1047604375	-0.08864809369999999	-0.0871035592	0.0338645563	-0.0775212119	0.1364714491	0.1491199161	-0.3169691138	-0.0192357767	-0.0948973984	-0.021971954900000003	0.276929669	-0.0752873136	-0.0395273211	-0.15639999699999999	0.0471259317	0.09433523630000001	0.0391256606	0.00160683	0.00479451	2.29873261401e-05	2.5819026489e-06	0.109101	0.0003610000000000002	1.3032100000000018e-07	0.011903028201	0.00675789	-0.04958370999999999	4.56690772521e-05	0.0024585442973640986	-0.00332197	0.0012031499999999994	1.447569922499999e-06	1.10354846809e-05	-0.000158043	0.00026422100000000003	2.4977589849e-08	6.981273684100003e-08	0.000342785	-0.00016709300000000005	2.792007064900002e-08	1.1750155622500003e-07	0.0	0.0	0.0	0.0	0.0	0.0	0.0	0.0	0.0	0.0	0.0	0.0	0.0
9327.56969832511	-8.176655799912622	87003556.47711277	66.85770007024475	9618.205505362475	-29.567589913853226	874.242373313795	92509877.14338504	7094.1216340451465	-6.337001953676918	50326561.75862738	40.15759376090507	7093.829660538017	14179.156623507732	0.8654569999999999	55.029774	0.104970211	0.0589308	-0.0717618145	0.06677203400000001	-0.14708690119999998	0.0072918516000000004	0.0547155588	0.1622509201	-0.0814700628	0.008269800400000001	0.1050648816	-0.0031984992999999997	0.1658419034	0.07561831849999999	-0.0470782413	-0.0578265964	0.0390585834	0.1299083349	-0.055657849	-0.1072496087	0.0137612336	-0.0194789495	0.07009310769999999	0.0496212327	0.0145159092	-0.0661888965	-0.06406996	-0.089246193	0.0324020116	-0.050862888499999995	0.0562066568	-0.0344570113	0.1255263944	-0.1049395902	-0.146343586	0.0735016879	-0.0458442859	-0.06435670889999999	0.0351649902	0.13937673849999999	-0.013027535	-0.1201147527	-0.0181312487	-0.004197811	0.0589685841	0.0629314604	-0.0174555677	-0.04841353650000002	-0.11288303820000001	0.067541142	0.025128983599999998	0.046538875199999996	-0.0471999766	-0.0314292403	0.1175987693	0.0833548527	-0.0009679788	-0.0007553210000000001	-0.0023621510000000003	5.579757346801001e-06	5.705098130410001e-07	0.0860346	-0.0230664	0.0005320588089600001	0.007401952397160002	0.0100621	0.003304210000000001	0.00010124585641000003	1.0917803724100007e-05	-0.00228805	0.0010339200000000002	1.0689905664000004e-06	5.235172802499998e-06	-0.000438231	-0.000280188	1.92046409361e-07	7.8505315344e-08	0.000553426	0.000210641	4.436963088099998e-08	3.0628033747600003e-07	0.0	0.0	0.0	0.0	0.0	0.0	0.0	0.0	0.0	0.0	0.0	0.0	0.0
9294.935843424382	-32.633854900726874	86395832.33337533	1064.9684856816955	9611.197605558846	-7.007899803629698	49.11065965771316	92375119.4131001	7075.863416218189	-18.258217826957658	50067843.08497494	333.36251821663456	7076.075038123604	14106.324868852085	0.822376	52.290466	0.106516171	0.05874790000000001	-0.0328900112	-0.022095303700000003	-0.23124350989999998	0.0082775388	-0.0173812577	0.0887080134	-0.0471084939	0.0466992718	0.0571940772	-0.014711677099999999	0.0972513931	0.0353356372	-0.011599336699999999	-0.1006654851	0.0840908164	0.1850984243	0.018499661100000002	-0.0264136315	0.0336926908	0.1107826132	0.041148917400000005	-0.049949248099999996	0.0085192298	-0.0352295269	-0.1549804441	0.11290446119999999	0.0327798073	-0.1107808596	-0.045452003	0.060489789	-0.08147935099999999	0.1466379391	-0.2541896128	0.0325889003	-0.014079154299999999	-0.10709403640000001	0.0769831566	0.1796966504	0.0274167676	-0.0175126747	0.0405479235	0.08403780400000001	0.044437030599999996	-0.0374288683	0.0103883051	-0.054854567699999995	0.0782052833	0.1518962651	0.0228707733	0.039074294700000005	-0.08075983910000001	0.0176930399	-0.1239711719	-0.17927341019999998	-0.14400833429999998	0.00276655	0.0035218709999999998	1.2403575340641e-05	7.6537989025e-06	0.0982365	0.012201900000000002	0.00014888636361000006	0.009650409932250002	0.0267353	0.0166732	0.0007147762660899999	0.00027799559824	-0.00331346	-0.00102541	1.0514656681e-06	1.09790171716e-05	-0.000135324	0.00030290699999999994	1.8312584976000006e-08	9.175265064899997e-08	0.000399359	-0.00015406699999999995	2.3736640488999992e-08	1.5948761088100002e-07	0.0	0.0	0.0	0.0	0.0	0.0	0.0	0.0	0.0	0.0	0.0	0.0	0.0
9243.85029774136	-51.085545683023156	85448768.32705301	2609.7329777322457	9658.597431460032	47.39982590118598	2246.743495462741	93288504.34300631	7060.248764779857	-15.614651438331746	49847112.6205755	243.8173395405957	7060.48968038749	13466.243685800951	1.401842	89.13559000000002	0.46915512	0.282699	-0.0417040487	-0.3535601461	-0.0335546997	-0.0463714731	-0.0328429205	-0.139363703	0.057720418899999994	-0.0390718298	0.148150615	0.1593759059	0.2766002147	-0.0131687072	0.1246941644	0.2676650281	0.073737644	0.162521955	0.0453375316	-0.1331911737	-0.011283071799999999	0.2157071038	-0.1194248341	0.0074238162	-0.1700545159	0.1239990442	0.1798677143	0.2165184634	0.18287614149999998	-0.027208378	0.3857921646	-0.051047746500000005	0.0577736164	-0.3253132375	-0.2467875158	-0.0075933927	0.1282420437	0.2616659738	0.0874149206	0.17758310940000002	0.0784525459	-0.08619422269999999	0.0241886329	0.2221861259	-0.0888247568	-0.0084199949	0.1128022712	0.13632921439999998	0.2652649081	-0.1451747862	0.2061232187	0.3289214794	0.10326430699999999	-0.053523231100000006	0.1599944612	0.29895195280000003	-0.2397611437	0.007967119999999998	0.005200569999999997	2.704592832489998e-05	6.347500109439996e-05	-0.0161458	-0.1143823	0.01308331055329	0.00026068685764	0.278882	0.2521467	0.07777516992399999	0.06357795832089	-0.00175617	0.0015572899999999998	2.4251521441e-06	3.0841330689e-06	0.000135869	0.000271193	1.8460385161e-08	7.354564324899999e-08	0.000519387	0.00012002799999999996	1.4406720783999986e-08	2.69762855769e-07	0.0	0.0	0.0	0.0	0.0	0.0	0.0	0.0	0.0	0.0	0.0	0.0	0.0
9305.15876214021	61.308464398851356	86585979.58863473	3758.727806945224	9657.523197580496	-1.0742338795353137	1.1539784279414904	93267754.3118054	7083.709544547895	23.460779768038265	50178940.91151896	550.4081873243936	7084.360210586438	13798.612057155962	1.590703	101.144295	0.36764084	0.235158	-0.08509850140000001	0.1367139928	0.13849821710000002	-0.0198455006	-0.18761178329999997	0.094024675	0.055529967	-0.1001902017	-0.0262752623	0.047286343099999996	-0.0904918863	0.0651556739	0.0083443474	0.09073328130000001	0.07335236190000001	-0.0955851235	-0.28437435920000004	0.0175806399	0.0416838628	-0.08973093210000001	-0.0830776946	0.21734174350000002	-0.1246562151	-0.1288553087	0.1681103746	0.118133461	0.011807635	-0.1436314668	0.0225194175	-0.0327368072	-0.027389758900000002	-0.0745045572	-0.1140665667	0.067902869	0.0001322994	0.0840377403	0.0830969864	-0.1002847835	-0.2627703366	-0.0992032402	0.006763230500000001	-0.1313387147	-0.0905567256	0.21321880850000002	0.1685126478	-0.09995081300000001	0.137494372	-0.1504839858	0.0448472003	0.07782645099999999	-0.15870860039999998	0.04629019400000002	0.0161928517	0.1175408825	0.13219613189999999	0.00557127	-0.002395849999999998	5.7400972224999915e-06	3.10390494129e-05	0.063843	0.0799888	0.006398208125439999	0.004075928649	0.0598244	-0.2190576	0.0035789588353600005	0.047986232117760014	-0.00232946	-0.0005732900000000003	3.286614241000002e-07	5.426383891600001e-06	0.000270604	0.00013473500000000006	7.322652481600003e-08	1.815352022500001e-08	-9.65598e-05	-0.0006159468	3.7939046043024e-07	9.32379497604e-09	0.0	0.0	0.0	0.0	0.0	0.0	0.0	1.0	0.0	0.0	0.0	0.0	0.0
9339.715186482885	34.55642434267429	87230279.76461902	1194.1464633509722	9560.039428789827	-97.48376879066929	9503.085177632664	91394353.88001612	7090.024295929837	6.314751381941277	50268444.51687538	39.87608501572928	7089.787635731492	13875.592950395216	1.7117810000000002	108.842964	0.34419637	0.21856	-0.18832955559999998	-0.020605439399999998	-0.1379760455	0.0726571669	-0.0691696295	0.171642867	0.1020277497	-0.0380582362	-0.0717376561	0.0340223763	0.0082763618	0.1767643216	-0.0016990610999999998	-0.08037797969999999	0.0951834651	0.11821474550000001	0.13822908550000002	0.2044088796	0.0906155785	-0.06967745730000001	-0.12900929349999998	-0.10411672179999999	-0.13691369220000002	-0.021913750699999998	-0.1828567166	-0.3243155359	0.1760021889	0.1994944849	-0.1475912166	0.0975940197	0.1830673796	-0.10197559560000001	-0.0099872704	0.1700506475	-0.004368778	-0.0957360523	0.09657097630000001	0.11017150960000001	0.0516615468	0.2125492598	0.11539759949999999	-0.096238591	-0.149918655	-0.0873828982	0.123757199	0.0599821402	-0.34587927909999994	0.1381261077	0.1429662466	-0.25698281920000005	0.0925224622	-0.1955248875	0.0413964203	0.1230285098	-0.0649685463	-0.009596360000000005	-0.015167630000000003	0.0002300569998169001	9.20901252496001e-05	0.263571	0.199728	0.039891273984	0.06946967204099999	0.0284382	-0.0313862	0.0008087312192400001	0.0009850935504400005	-0.000977139	0.0013523210000000005	1.8287720870410007e-06	9.548006253209999e-07	-0.000141078	-0.00041168199999999997	1.9903002084e-08	1.69482069124e-07	9.7728e-05	0.0001942878	3.774774922884e-08	9.550761984e-09	0.0	0.0	0.0	0.0	0.0	0.0	0.0	0.0	1.0	0.0	0.0	0.0	0.0
9336.21607126918	-3.4991152137044983	87164930.52942492	12.243807278778286	9612.001597477967	51.962168688140075	2700.0669747747256	92390574.709919	7096.08814355677	6.063847626933239	50354466.94112697	36.770248042663866	7095.979643053939	14253.56961015054	1.2602870000000002	80.134872	0.13913263	0.07437839999999997	-0.1277077767	0.2076264871	-0.0489062586	0.0027001874	-0.21670699629999998	0.0985654993	0.0961902256	-0.10393071529999999	-0.130422738	-0.0907235892	0.1465993001	0.1490482406	-0.0418732056	-0.16416033859999998	0.0594326377	0.043505313399999995	-0.1299839927	0.1133938272	0.0042371264	-0.0839369623	0.1254370677	-0.0238400982	-0.2031472629	0.1199922037	-0.002202707	0.134297984	-0.09772919570000001	0.0155383919	0.0379621593	-0.1162560098	-0.059377365	0.1439657242	-0.061426000999999994	0.1420108089	-0.0470832842	-0.1642204873	0.055047766399999996	0.045140963799999996	-0.1642975178	0.058700175099999995	0.0073044702000000005	-0.1014579939	0.138748329	0.0066164056999999995	0.14990654039999998	0.1653959377	0.1333859622	-0.0180041842	-0.0849681494	0.0150882743	0.0642065071	0.09966068880000001	0.0340005328	-0.1222882045	0.3954629571	-0.00817121	0.0014251500000000052	2.031052522500015e-06	6.67686728641e-05	0.30463	0.04105900000000001	0.0016858414810000009	0.09279943689999999	0.00969077	-0.01874743	9.39110231929e-05	0.00035146613160490014	-0.0021511	-0.001173961	1.3781844295210002e-06	4.62723121e-06	-0.00046518	-0.000324102	2.163924324e-07	1.05042106404e-07	0.000157686	5.995800000000001e-05	3.5949617640000007e-09	2.4864874596000004e-08	0.0	0.0	0.0	0.0	0.0	0.0	0.0	0.0	0.0	0.0	0.0	0.0	0.0
9304.668279104937	-31.547792164243216	86576851.78418162	995.2631904382856	9609.481677814449	-2.5199196635185217	6.3499951105873	92342138.1162516	7087.248942505944	-8.839201050825976	50229097.57305162	78.13147521692306	7087.456948039678	14002.59338910576	0.868793	55.241863	0.10794562	0.0718895	-0.1357316281	0.1588021474	-0.074432115	0.0168067156	-0.0875462399	0.0671099491	0.045804282800000005	0.006922074	-0.2221450721	-0.0195365608	0.1794596562	0.1336931512	-0.018830380600000002	-0.14881433460000001	0.0367684888	0.0221462077	0.0228296756	0.0232384951	0.02858189	-0.0175333053	0.0323172018	-0.0581138363	-0.0570532472	0.0085460955	-0.0739931908	0.0328776499	0.07928781230000001	0.19321572039999999	-0.1373969106	-0.0823921514	-0.001189441	0.0148420793	-0.19007435609999998	0.1275538637	-0.0232081056	-0.1547087652	0.031316103399999996	0.024441945899999998	0.008472914599999999	0.029024707400000002	0.038686753	-0.0093370823	0.0429988172	-0.04705389559999999	0.0713442067	0.0486580588	0.00043687010000000004	0.063075344	0.0407842817	-0.1829124539	0.1448239033	0.0405692215	0.0538678791	-0.0808314603	-0.1009842134	-0.0133838	-0.00521259	2.71710945081e-05	0.00017912610244	0.237562	-0.06706800000000003	0.0044981166240000035	0.056435703844	0.0232527	0.013561930000000002	0.0005406880572900001	0.00018392594532490005	-0.00251082	-0.00035972	1.293984784e-07	6.3042170724e-06	-0.000473823	-8.643000000000019e-06	2.24508235329e-07	7.470144900000031e-11	0.000231385	7.369899999999999e-05	5.4315426009999985e-09	5.3539018225e-08	0.0	0.0	0.0	0.0	0.0	0.0	0.0	0.0	0.0	0.0	0.0	0.0	0.0
9292.186188976282	-12.482090128654818	86344724.17060156	155.80257397986202	9584.008498694251	-25.47317912019753	648.8828544896674	91853218.90304364	7070.183017952326	-17.06592455361806	49987487.90734146	291.2457808697838	7070.242287781913	13947.13548186826	0.965104	61.36578000000001	0.0946143	0.0534804	-0.14843050970000002	0.1797062783	0.0080297118	0.036277863199999996	-0.0006983438000000001	0.1373419161	0.0776823987	-0.0168123463	-0.1528825409	-0.0031771476	0.0779278878	0.15133032300000002	0.033617626	-0.1408442781	0.0523765185	0.05604016269999999	-0.0265773456	0.0052741983	0.1424977259	-0.1413749165	0.0969105743	0.1251869124	-0.019325256000000002	0.015432291599999997	0.109545899	0.0843413568	0.058883499699999994	-0.0376276123	0.0907686124	-0.11227822289999999	0.3782540626	-0.10008666460000001	0.1078165451	0.1456071715	0.0296665686	-0.1528144863	0.0460814138	0.0564377201	-0.0053013738	-0.0361972888	0.0962436156	-0.154426946	0.0765835363	0.1384263057	0.0041936587	0.0164932256	0.055628295999999994	-0.0911941927	0.06603314860000001	0.0363081815	-0.0734597782	-0.1165508023	0.38060008689999997	0.0626604969	0.1058736722	-0.00956063	0.0038231699999999994	1.4616628848899994e-05	9.14056459969e-05	0.207971	-0.029590999999999982	0.0008756272809999987	0.04325193684100001	0.00934447	-0.01390823	8.731911958090001e-05	0.0001934388617329	-0.00167162	0.0008392000000000001	7.0425664e-07	2.7943134244e-06	-0.000540265	-6.644199999999994e-05	2.9188627022499993e-07	4.4145393639999935e-09	0.000271581	4.019599999999997e-05	1.6157184159999972e-09	7.375623956099996e-08	0.0	0.0	0.0	0.0	0.0	0.0	0.0	0.0	0.0	0.0	0.0	0.0	0.0
9268.439079114583	-23.747109861698853	85903962.96325839	563.9252267835946	9671.088959660618	87.08046096636645	7583.00668211487	93529961.66566949	7069.600932893963	-0.5820850583631909	49979257.35037519	0.3388230151696794	7069.150557521937	13156.329850103779	1.643452	104.498268	0.6877712699999999	0.371822	-0.17375109390000001	-0.3008781989	0.09824618060000001	-0.0519474422	0.1659128151	-0.0548160385	-0.0763413164	-0.3382981681	0.0749147519	0.24102379219999998	0.1128894317	0.127160645	0.09673343390000001	0.3728035979	0.0580875863	-0.0065355804	0.059015868799999996	0.0093888094	0.0242982402	-0.073942639	0.004146078599999999	0.0724422042	-0.1655125074	0.2594040386	-0.0007818050999999999	-0.2082736489	0.1267870251	-0.2153484719	-0.0171536389	0.060966542900000004	0.0658703514	0.1900538396	0.1387743259	0.1344623289	0.1064121768	0.3633724348	0.0818265976	0.0004914315	0.0616198011	0.0212065131	0.0332693857	-0.0382051114	-0.0209937312	0.0918237923	0.0408637065	0.3403802932	-0.2082032842	-0.035593902999999996	0.11559722929999999	0.0875892293	-0.1858635527	-0.0262841585	0.0047106289	-0.1629328262	-0.1625864477	0.00309393	0.01265456	0.0001601378887936	9.5724028449e-06	-0.0271519	-0.2351229	0.05528277810441001	0.0007372256736100001	0.275443	0.26609853	0.07586884624899999	0.0708084276681609	0.000949413	0.002621033	6.869813987089e-06	9.01385044569e-07	0.000121695	0.00066196	1.4809673025000004e-08	4.381910416e-07	7.66684e-05	-0.00019491259999999995	3.7990921638759983e-08	5.878043558560001e-09	0.0	0.0	0.0	0.0	0.0	0.0	0.0	0.0	0.0	1.0	0.0	0.0	0.0
9285.92261955654	17.483540441957302	86228358.89639181	305.6741863855565	9655.21532749297	-15.873632167647884	251.97219819378572	93223183.02025518	7078.631381369237	9.03044847527417	50107022.23330535	81.5489996645816	7078.749383226752	13210.001039317092	1.099585	69.91669499999999	0.41909597	0.242559	-0.1967558524	-0.1804574789	0.19576322350000008	-0.0195596935	0.1475932017	0.10121743539999999	0.09968111550000001	-0.29592381440000004	0.1212795732	0.1095547364	0.054202869400000006	0.1582146721	0.12492785279999999	0.21002699190000002	-0.0804589757	-0.0834397203	0.10223743240000001	0.0120161646	-0.1328115139	0.1256409044	0.0114046826	-0.1002339353	-0.16252349359999999	0.1035890284	-0.0037779597	-0.1766614113	-0.0363798869	-0.1843565298	-0.1049485748	0.014914003899999997	0.0402204939	-0.0670860545	-0.0582960675	0.1626737509	0.13510544189999998	0.20601239940000002	-0.0589372545	-0.0795194433	0.0673546476	0.0892679583	-0.0835091651	0.17671247010000002	0.0028987658	-0.077201086	0.10297891460000001	0.18224656649999998	-0.19354796289999998	-0.026293237400000002	-0.025731257	-0.0345778117	-0.2122989975	0.031700827200000004	0.0013353697000000001	0.0630954691	0.10906989539999999	0.00276493	-0.0003289999999999999	1.0824099999999993e-07	7.6448379049e-06	0.0906304	0.1177823	0.013872670193290002	0.00821386940416	0.381666	0.106223	0.145668935556	0.011283325729000005	-0.00263532	-0.0035847329999999997	1.2850310681289e-05	6.9449115024e-06	0.000315165	0.00019347	9.9328977225e-08	3.74306409e-08	-4.0362e-05	-0.0001170304	1.3696114524160004e-08	1.6290910439999999e-09	0.0	0.0	0.0	0.0	0.0	0.0	0.0	0.0	0.0	0.0	0.0	0.0	0.0
9287.236842320104	1.3142227635635209	86252768.1653479	1.727181472268538	9648.21466649502	-7.000660997948216	49.009254408193314	93088046.25076964	7099.891313980966	21.2599326117288	50408456.67034236	451.9847346552498	7100.0178136645045	13208.73990357525	0.776895	49.398594	0.257089842	0.151676	-0.22870895989999998	-0.10439213060000001	0.2039827021	-0.014153242	0.06995236269999999	0.1128957805	0.16423623029999998	-0.1907924422	0.0906093675	0.0967663564	-0.10480669810000001	0.20818368129999998	0.07524900820000001	0.1212109972	-0.16965165280000002	-0.19894330149999997	0.16414664310000002	0.12907404109999998	-0.1925368875	0.1733512785	0.0389986534	-0.10558223720000001	-0.1375612174	0.134119648	0.09921796990000001	-0.0802501658	-0.018523761200000002	-0.036689542400000004	-0.0756240797	-0.018174968	-0.0978982042	0.0464278831	-0.006019890799999999	0.21073774	0.0843000729	0.1218745657	-0.14904222609999998	-0.204468958	0.0615890262	0.23869985170000002	-0.1090529916	0.2123103073	0.0406378771	-0.0898019784	0.0811529973	0.1579745457	-0.054677503899999993	-0.1290192047	-0.011097747199999999	-0.05331883019999999	-0.03695599	0.0834654538	-0.0863760964	-0.0435810613	0.2298831986	0.00284589	8.095999999999971e-05	6.554521599999953e-09	8.0990898921e-06	0.21470300000000006	0.12407260000000005	0.015394010070760009	0.04609737820900001	0.339256	-0.04241	0.115094633536	0.0017986081000000004	-0.00427172	-0.0016363999999999994	2.6778049599999994e-06	1.82475917584e-05	0.00017674900000000005	-0.00013841599999999998	3.124020900100001e-08	1.9158989055999998e-08	-4.65236e-06	3.5709640000000004e-05	1.2751783889295995e-09	2.1644453569600002e-11	0.0	0.0	0.0	0.0	0.0	0.0	0.0	0.0	0.0	0.0	0.0	0.0	0.0
9231.306993923716	-55.92984839638847	85217028.81606491	3128.1479416429993	9457.825912705735	-190.38875378928608	36247.87756943738	89450470.99504808	7049.780489254869	-50.110824726096325	49699404.94667862	2511.0947547295473	7048.434582155024	13941.421494115251	1.567794	99.687576	0.3952448320000001	0.257758	-0.09755400199999999	0.2592341586	0.1872814236	0.1846667557	-0.031210494300000002	0.2250250039	0.15396754070000002	0.0508620729	-0.0171379901	0.1765858046	-0.3266986654	0.1169823092	0.11391150480000001	-0.1744758236	0.0780560471	-0.212731725	-0.1329695048	0.40366796060000004	-0.19104416870000002	-0.042613772	-0.1091256488	-0.0397339279	0.24950197559999998	0.0067540077	0.4015938707	0.0509896901	-0.250002183	-0.0335870113	-0.0068024487	0.1322358841	0.24579028120000002	-0.0835307062	-0.0186376875	0.1086112682	0.10706543619999999	-0.1887986555	0.0832735556	-0.22878994589999999	-0.2697664248	0.32908225690000004	-0.1244516923	-0.0739205	-0.1211392779	-0.07304766559999999	-0.2358196504	-0.1059531206	0.0719483665	-0.4054512387	-0.22508294350000002	0.0112599124	-0.12700327779999998	-0.21180943600000002	0.1218984628	0.08330325179999999	-0.2297582193	0.00275068	-9.520999999999965e-05	9.064944099999936e-09	7.5662404624e-06	0.276971	0.06226799999999999	0.0038773038239999992	0.07671293484100003	0.0995773	-0.23967870000000002	0.009915638675290002	0.05744587923369	-0.005998699999999999	-0.0017269799999999995	2.9824599203999983e-06	3.598440168999999e-05	0.000247524	7.077499999999997e-05	6.1268130576e-08	5.0091006249999965e-09	-7.09558e-05	-6.630344000000001e-05	4.3961461558336015e-09	5.0347255536399995e-09	0.0	0.0	0.0	0.0	0.0	0.0	0.0	0.0	0.0	0.0	1.0	0.0	0.0
9252.607383102571	21.300389178855763	85610743.38584422	453.70657917071577	9558.124883769606	100.29897106387034	10059.8835964711	91357751.29373574	7056.1818877304395	6.401398475570204	49789702.83273511	40.977902443032534	7056.071557018287	14427.608997477459	1.896505	120.588585	0.3740777200000001	0.233095	-0.0283981765	0.01701858	-0.40162797640000003	0.1087255084	0.053424448099999994	0.1760545028	0.0632768578	0.4939107071	-0.09822985099999999	-0.0198359246	-0.0026833688	0.0402792471	0.037730223199999996	-0.25169506059999996	0.19446977350000005	0.248686412	0.3020077337	0.3249269036	0.0148817051	0.1677026174	-0.41939669329999996	0.0157662297	0.0048767927	-0.1212416741	0.0335556292	0.09025162800000001	0.0644921125	-0.1301722725	0.0143218331	0.0595936092	-0.1057796704	-0.0158290286	-0.035740792	0.0290132752	0.0334650333	-0.27054509460000004	0.1799211907	0.2410387365	0.17658656190000002	0.39627424479999995	0.1121012392	0.1034807245	-0.4233356817	-0.0583478645	0.0085429068	-0.11352650560000001	0.1279408689	-0.0045651842	0.0978674231	0.0801174203	-0.0961369348	0.0554006808	-0.1169261892	0.0221269596	0.18862612969999998	-0.0127696	-0.01552028	0.0002408790912784	0.00016306268415999998	0.207019	-0.06995200000000001	0.004893282304000002	0.042856866361	-0.117903	-0.2174803	0.013901117408999998	0.047297680888090006	-0.00544142	0.0005572799999999994	3.105609983999993e-07	2.96090516164e-05	-0.000402299	-0.000649823	1.61844485401e-07	4.22269931329e-07	0.000144444	0.0002153998	4.639707384004001e-08	2.0864069136e-08	0.0	0.0	0.0	0.0	0.0	0.0	0.0	0.0	0.0	0.0	0.0	1.0	0.0
9226.335825766275	-26.27155733629661	85125272.76981825	690.1947248743202	9579.601539843638	21.476656074031784	461.24675612224615	91768765.6621746	7008.9848182836695	-47.19706944677	49125868.18293096	2227.5633643632304	7010.199043264994	14501.75112121161	2.049826	130.337418	1.221257545	0.7369029999999999	0.15124951779999998	-0.0058575899	0.14478931949999999	0.0731390993	0.2927564076	-0.3301589854	0.19592119449999998	0.07577865639999999	0.1838633565	-0.37672171670000004	0.0984865882	-0.2353068693	0.3444925877	-0.07597017589999999	-0.0688745534	0.1605801277	-0.0296875404	0.0355697977	-0.0230317621	-0.4375092627	-0.0527767214	-0.2115713181	0.22688240269999999	0.38765129119999997	0.124166085	-0.0052734934	0.2168688904	-0.1315530017	-0.0139329473	-0.1019797443	-0.17971150190000001	0.08511062679999999	-0.0076524165	-0.23473015390000002	0.3442668483	-0.0685102331	-0.0840074155	0.15810750099999998	0.0149092527	-0.0313323747	-0.1112799993	-0.420278844	-0.0380986768	-0.2016733273	-0.3305595408	0.3062933246	0.005854906700000001	-0.1558805101	0.1453011125	0.0475171391	-0.0069363652	0.2311123593	-0.0848090675	-0.130769779	-0.0497910982	-0.00356712	0.00920248	8.468563815039997e-05	1.27243450944e-05	-0.129241	-0.33626	0.1130707876	0.016703236080999998	0.239414	0.357317	0.057319063395999986	0.127675438489	-0.015625899999999998	-0.01018448	0.0001037236328704	0.00024416875081	-0.00030487200000000003	9.742699999999996e-05	9.294693638400002e-08	9.492020328999994e-09	5.67897e-05	-8.765429999999999e-05	7.683276308489999e-09	3.22507002609e-09	0.0	0.0	0.0	0.0	0.0	0.0	0.0	0.0	0.0	0.0	0.0	0.0	1.0
9224.094499279368	-2.2413264869064733	85083919.3316359	5.023544420908514	9538.126523729235	-41.47501611440202	1720.1769616899076	90975857.58266716	7014.752776403423	5.76795811975353	49206756.51405953	33.269340871230675	7014.833980467852	14235.730849598876	0.8548979999999999	54.35840200000001	0.1519740150000001	0.0929791	0.1502509155	-0.033227696099999995	0.16615777140000001	0.1160873893	0.1721717228	-0.1742721682	0.1369436505	-0.0463738209	0.214262039	-0.1747489575	0.006210989399999999	-0.1922142814	0.3175054736	-0.061694823499999996	-0.09906053220000001	0.127168052	0.0307476812	0.0226255204	-0.0543732711	-0.0699066632	-0.021996373399999998	0.0310105664	-0.09981064949999999	-0.099931036	-0.0082988822	0.0332596072	-0.043192397199999996	-0.030321525	0.1299030039	0.023441638100000002	0.0103233231	0.0729676091	0.0067917898	-0.19334425600000002	0.3174839361	-0.0551354472	-0.1029461415	0.1210394537	0.0122070505	0.0465235424	-0.0777788829	-0.0775264663	-0.0209795373	0.0290128923	0.1233538955	-0.0422635616	0.0398565795	0.0365328225	-0.0240621741	0.1358173256	-0.0151850782	-0.0362798266	-0.007521013000000002	-0.0472003991	0.1025955861	0.00333863	0.00690575	4.76893830625e-05	1.11464502769e-05	-0.08499289999999997	0.044248100000000026	0.0019578943536100023	0.007223793050409996	0.230251	-0.009162999999999977	0.053015523001000014	8.396056899999957e-05	-0.0140916	0.0015342999999999989	2.354076489999997e-06	0.00019857319056	-0.00016587400000000002	0.00013899799999999999	2.7514183876000004e-08	1.9320444004000007e-08	0.000216635	0.00015984529999999998	2.5550519932089998e-08	4.6930723225e-08	0.0	0.0	0.0	0.0	0.0	0.0	0.0	0.0	0.0	0.0	0.0	0.0	0.0
9292.208967144486	68.11446786511806	86345147.48908041	4639.580732548201	9573.834388842784	35.707865113548905	1275.0516309674028	91658304.90498868	7037.980502260976	23.2277258575532	49533169.55020566	539.5272485136453	7038.079740992329	14343.303886049267	0.664121	42.22789	0.05831619999999998	0.034355800000000006	0.1493042798	-0.036812674100000005	0.1583401509	0.0676754469	0.0795836916	-0.1034101719	0.14295306789999998	-0.056636770499999996	0.20288695699999998	-0.11370412619999999	-0.0563965024	-0.16994464480000002	0.26128209199999997	-0.0294269434	-0.1657244637	0.1104396393	0.0159808195	0.0374484841	-0.052792348200000005	-0.0797590659	0.0591620077	0.1480098239	-0.23434778120000002	-0.0742485954	-0.08671098810000001	-0.0223464329	-0.052784598200000005	0.0303216765	0.0342044569	0.0279893847	0.0259932188	0.08621103199999999	0.1499014778	-0.16649036849999999	0.2619641879	-0.0178682981	-0.1657811572	0.10538722439999999	-0.0208447132	0.0614114373	-0.0706854425	-0.06346811200000001	0.0338879024	0.1530884957	0.2357510688	0.0146043475	-0.0311225299	0.0923284446	-0.026129273300000002	0.0123074273	0.0268093779	-0.0668216519	0.0058737941	-0.045597634500000005	-0.017831753	0.00316655	-0.0001720799999999998	2.961152639999993e-08	1.0027038902500003e-05	-0.0755181	0.009474799999999964	8.977183503999931e-05	0.0057029834276099995	0.222079	-0.008172000000000013	0.049319082241000005	6.678158400000021e-05	-0.013495600000000005	0.0005959999999999941	3.55215999999993e-07	0.00018213121936000012	-6.211860000000002e-05	0.00010375540000000001	3.858720465960003e-09	1.076518302916e-08	0.00010644400000000004	-0.00011019099999999995	1.2142056480999988e-08	1.1330325136000011e-08	0.0	0.0	0.0	0.0	0.0	0.0	0.0	0.0	0.0	0.0	0.0	0.0	0.0
9330.07550308845	37.866535943963754	87050308.8933312	1433.874544395499	9584.827420141211	10.993031298427011	120.84673712819591	91868916.67389084	7078.958888403402	40.97838614242573	50111658.94370553	1679.2281308377496	7078.148971575481	14560.117435942067	0.660041	41.968475	0.08525197500000001	0.0512152	0.1520389452	-0.022574772599999997	0.1508718276	0.057824372199999995	0.0319617782	-0.0710457997	0.0294791704	-0.0421041471	0.072342596	-0.1388790097	-0.1236632932	-0.1596576486	0.1176251453	-0.0064769011	-0.23922533280000002	0.09686845919999999	-0.0128527948	0.0892894339	-0.0861101055	-0.091430159	-0.0018690135	0.0866336168	-0.1295428112	-0.1590659109	-0.0409270883	-0.0679724167	-0.0659010438	0.0059844836	-0.0526445908	0.001298729	0.0744628306	0.0163960752	0.14948950619999998	-0.1569945642	0.1212637671	0.0068661839	-0.23675705579999998	0.08524153609999999	-0.06828194950000001	0.09358386310000001	-0.0851212365	-0.07813764599999999	-0.024420844700000003	0.08388015780000001	0.1722298105	-0.0928625197	-0.08836511359999999	0.0361352875	-0.037045755699999995	-0.0625449861	-0.040570171099999996	-0.0628924642	0.06056454360000001	0.0336934376	-0.0053600586	0.0031733	6.7499999999998126e-06	4.5562499999997465e-11	1.006983289e-05	-0.0968904	-0.0213723	0.0004567752072899999	0.00938774961216	0.195939	-0.02614	0.038392091721	0.0006832995999999997	-0.01275	0.000745600000000006	5.559193600000089e-07	0.00016256249999999995	-6.55621e-05	-3.443499999999981e-06	4.298388956409999e-09	1.1857692249999873e-11	0.000112059	5.614999999999952e-06	3.152822499999946e-11	1.2557219481e-08	0.0	0.0	0.0	0.0	0.0	0.0	0.0	0.0	0.0	0.0	0.0	0.0	0.0
9312.410177694352	-17.665325394098545	86720983.31762534	312.06372127938283	9602.024165936513	17.196745795301467	295.72806594821867	92198868.08322878	7099.795377508396	20.836489104994143	50407094.40248959	434.15927822253957	7098.5176140296435	14480.00305851671	0.664213	42.23373	0.10322185999999994	0.0696034	0.1418211669	-0.0462676823	0.1193143186	0.0391696651	0.0177615966	-0.0205367618	0.045089938499999996	-0.0880614592	0.09465871710000001	-0.1004209968	-0.0629523043	-0.1326299994	0.0440495828	-0.020004055	-0.3057149986	0.1048295854	-0.0028020005	-0.0079417296	-0.0779751533	0.009273603	-0.0049748357	0.055294061500000005	-0.06836563059999999	-0.08800831769999999	-0.0809912537	0.0151696356	-0.0886276183	0.0980861943	0.0316945951	0.0039742468	0.0482503117	-0.1270103373	-0.041948584500000004	-0.128648596	0.0493441478	-0.0002778745	-0.2998714617	0.1010133789	-0.0244954187	0.0197271421	-0.0748337076	0.0357502144	-0.0158464028	0.046215179599999996	0.1011798138	-0.0711133046	0.0025600558999999998	0.0975740796	-0.07226665759999999	-0.028112426	0.0708391571	-0.06288123940000001	0.051048908899999995	0.1153048711	0.026733441400000002	0.00319926	2.596000000000022e-05	6.739216000000114e-10	1.0235264547600004e-05	-0.0459924	0.050898	0.002590606404	0.0021153008577600003	0.188922	-0.007016999999999996	0.035691522084000005	4.923828899999994e-05	-0.011872	0.0008779999999999987	7.708839999999973e-07	0.00014094438399999998	-6.55621e-05	0.0	4.298388956409999e-09	0.0	0.000139677	2.7618000000000012e-05	7.627539240000004e-10	1.9509664329e-08	0.0	0.0	0.0	0.0	0.0	0.0	0.0	0.0	0.0	0.0	0.0	0.0	0.0
9286.399479850454	-26.01069784389801	86237215.29936677	676.5564023265607	9624.637087528585	22.61292159207187	511.3442229291902	92633639.06663072	7102.017712842708	2.2223353343115377	50438655.59353157	4.9387743381295754	7101.441156698163	14145.386304540061	0.706976	44.952782	0.11746850000000007	0.0822465	0.11842700810000001	-0.0454313795	0.1406700534	0.0162456266	0.0249892517	-0.0430689779	0.0046856467	-0.030466443399999998	0.0465819437	-0.09858296539999999	-0.2381766279	-0.0825331469	0.0175982688	-0.0115500111	-0.315962554	0.0042445718	-0.0231566412	0.0020626589	-0.070384168	0.0859851228	-0.0734127037	0.1347232185	0.118106355	-0.175539798	-0.0320164785	-0.0758950003	-0.048870641500000006	0.103236669	-0.1347112317	0.08809316140000001	0.0654857038	0.0109323874	-0.1503623935	-0.0792211869	0.0224920704	0.0044427348	-0.3096144507	-0.0037058557	-0.047150591	0.016056083999999998	-0.042914068	0.1008375342	-0.0943298417	0.1130303991	-0.0346694883	-0.2177931871	-0.0934457749	0.0223491098	-0.053956355899999996	-0.14499588689999998	0.018862248999999998	-0.1041024584	-0.0130787678	-0.045783753600000004	-0.0959855	0.00329181	9.254999999999984e-05	8.565502499999971e-09	1.08360130761e-05	0.0231203	0.0691127	0.00477656530129	0.00053454827209	0.192175	0.003253000000000006	0.036931230625000006	1.0582009000000038e-05	-0.0110514	0.0008206000000000013	6.733843600000019e-07	0.00012213344195999995	-6.55621e-05	0.0	4.298388956409999e-09	0.0	0.000219282	7.960500000000001e-05	6.336956025e-09	4.8084595524e-08	0.0	0.0	0.0	0.0	0.0	0.0	0.0	0.0	0.0	0.0	0.0	0.0	0.0
9265.206062373763	-21.19341747669023	85844043.37824754	449.1609443412788	9615.48379686539	-9.15329066319464	83.78272996492616	92457528.64778088	7084.666389839169	-17.35132300353871	50192497.85531677	301.0684099731316	7084.372492173081	14135.890732604135	0.6584300000000001	41.866028	0.10609477	0.0594831	0.11635326730000001	-0.0487407419	0.10236740789999996	0.014200696	0.0405181202	0.008811688100000001	-0.0135823443	-0.0753436822	0.0700692875	-0.0735223468	-0.0593602721	-0.0920883159	0.0411018686	-0.0644069932	-0.2563722102	0.0690226473	-0.0045281575	-0.09462344140000001	-0.07874899169999999	0.0604991777	-0.0195734961	0.1494339708	0.1040951868	-0.0498557071	-0.07386589889999999	-0.027598132999999997	0.007457948299999999	0.0856599574	-0.032624631200000004	0.0371286152	0.07371589690000001	-0.0593124081	-0.13168865970000002	-0.0899613951	0.0436491147	-0.047669363	-0.2582271698	0.0622243478	0.0024358475	-0.0614115789	-0.0829167915	0.09625063710000001	-0.0493384125	0.13934925609999999	-0.0588303738	-0.09304773220000001	-0.0380834477	0.0663259199	-0.0156760384	-0.0669075021	0.0354036022	-0.0641863599	0.043158314	0.0237805119	-0.0674381618	0.000177095	-0.003114715	9.701449531225e-06	3.1362639025e-08	0.0668563	0.043736000000000004	0.001912837696	0.004469764849689999	0.16819	-0.02398500000000001	0.028287876099999998	0.0005752802250000004	-0.0104795	0.0005718999999999986	3.2706960999999824e-07	0.00010981992025000002	-0.0	6.55621e-05	0.0	4.298388956409999e-09	0.000151563	-6.771900000000002e-05	4.585862961000003e-09	2.2971342968999998e-08	0.0	0.0	0.0	0.0	0.0	0.0	0.0	0.0	0.0	0.0	0.0	0.0	0.0
